[
  {
    "results": {
      "X_rbf_2d": [
        0.8061224489795918,
        0.7142857142857143
      ],
      "X_rbf_3d": [
        0.7959183673469388,
        0.7857142857142857
      ],
      "X_rbf_4d": [
        0.7448979591836735,
        0.7142857142857143
      ],
      "X_rbf_5d": [
        0.7653061224489796,
        0.6428571428571429
      ],
      "X_rbf_6d": [
        0.826530612244898,
        0.7380952380952381
      ]
    },
    "params": {
      "filename": "car.csv",
      "dim_method": "umap",
      "classical_kernel": "rbf",
      "minmax_val_list": [
        [
          0,
          1
        ],
        [
          0,
          1
        ]
      ],
      "n_dimensions": [
        2,
        6
      ],
      "tsne_arguments": {
        "n_iter": 500,
        "perplexity": 30,
        "learning_rate": "auto"
      },
      "visualise_tsne_umap": false,
      "umap_arguments": {
        "n_neighbors": 3,
        "min_dist": 0.1,
        "metric": "euclidean"
      },
      "post_pca_scale": true,
      "scalers": [
        "standard",
        "minmax"
      ]
    }
  },
  {
    "results": {
      "X_rbf_2d": [
        0.8979591836734694,
        0.7619047619047619
      ],
      "X_rbf_3d": [
        0.8061224489795918,
        0.7142857142857143
      ],
      "X_rbf_4d": [
        0.8775510204081632,
        0.7619047619047619
      ],
      "X_rbf_5d": [
        0.9081632653061225,
        0.7857142857142857
      ],
      "X_rbf_6d": [
        0.8877551020408163,
        0.7857142857142857
      ]
    },
    "params": {
      "filename": "car.csv",
      "dim_method": "umap",
      "classical_kernel": "rbf",
      "minmax_val_list": [
        [
          0,
          1
        ],
        [
          0,
          1
        ]
      ],
      "n_dimensions": [
        2,
        6
      ],
      "tsne_arguments": {
        "n_iter": 500,
        "perplexity": 30,
        "learning_rate": "auto"
      },
      "visualise_tsne_umap": false,
      "umap_arguments": {
        "n_neighbors": 5,
        "min_dist": 0.1,
        "metric": "euclidean"
      },
      "post_pca_scale": true,
      "scalers": [
        "standard",
        "minmax"
      ]
    }
  },
  {
    "results": {
      "X_rbf_2d": [
        0.9081632653061225,
        0.6428571428571429
      ],
      "X_rbf_3d": [
        0.9183673469387755,
        0.8571428571428571
      ],
      "X_rbf_4d": [
        0.9285714285714286,
        0.7619047619047619
      ],
      "X_rbf_5d": [
        0.9285714285714286,
        0.7619047619047619
      ],
      "X_rbf_6d": [
        0.9285714285714286,
        0.7142857142857143
      ]
    },
    "params": {
      "filename": "car.csv",
      "dim_method": "umap",
      "classical_kernel": "rbf",
      "minmax_val_list": [
        [
          0,
          1
        ],
        [
          0,
          1
        ]
      ],
      "n_dimensions": [
        2,
        6
      ],
      "tsne_arguments": {
        "n_iter": 500,
        "perplexity": 30,
        "learning_rate": "auto"
      },
      "visualise_tsne_umap": false,
      "umap_arguments": {
        "n_neighbors": 25,
        "min_dist": 0.1,
        "metric": "euclidean"
      },
      "post_pca_scale": true,
      "scalers": [
        "standard",
        "minmax"
      ]
    }
  },
  {
    "results": {
      "X_rbf_2d": [
        0.673469387755102,
        0.5238095238095238
      ],
      "X_rbf_3d": [
        0.8877551020408163,
        0.8095238095238095
      ],
      "X_rbf_4d": [
        0.9387755102040817,
        0.8571428571428571
      ],
      "X_rbf_5d": [
        0.9591836734693877,
        0.8571428571428571
      ],
      "X_rbf_6d": [
        1.0,
        0.9047619047619048
      ]
    },
    "params": {
      "filename": "car.csv",
      "dim_method": "pca",
      "classical_kernel": "rbf",
      "minmax_val_list": [
        [
          0,
          1
        ],
        [
          0,
          1
        ]
      ],
      "n_dimensions": [
        2,
        6
      ],
      "tsne_arguments": {
        "n_iter": 500,
        "perplexity": 30,
        "learning_rate": "auto"
      },
      "visualise_tsne_umap": false,
      "umap_arguments": {
        "n_neighbors": 5,
        "min_dist": 0.1,
        "metric": "euclidean"
      },
      "post_pca_scale": true,
      "scalers": [
        "standard",
        "minmax"
      ]
    }
  },
  {
    "results": {
      "X_rbf_2d": [
        0.8469387755102041,
        0.7142857142857143
      ],
      "X_rbf_3d": [
        0.8877551020408163,
        0.7857142857142857
      ],
      "X_rbf_4d": [
        0.9183673469387755,
        0.8333333333333334
      ],
      "X_rbf_5d": [
        0.9081632653061225,
        0.7857142857142857
      ],
      "X_rbf_6d": [
        0.8979591836734694,
        0.8095238095238095
      ]
    },
    "params": {
      "filename": "car.csv",
      "dim_method": "umap",
      "classical_kernel": "rbf",
      "minmax_val_list": [
        [
          0,
          1
        ],
        [
          0,
          1
        ]
      ],
      "n_dimensions": [
        2,
        6
      ],
      "tsne_arguments": {
        "n_iter": 500,
        "perplexity": 30,
        "learning_rate": "auto"
      },
      "visualise_tsne_umap": false,
      "umap_arguments": {
        "n_neighbors": 10,
        "min_dist": 0.1,
        "metric": "euclidean"
      },
      "post_pca_scale": true,
      "scalers": [
        "standard",
        "minmax"
      ]
    }
  },
  {
    "results": {
      "X_rbf_2d": [
        0.8775510204081632,
        0.5
      ],
      "X_rbf_3d": [
        0.9285714285714286,
        0.8333333333333334
      ],
      "X_rbf_4d": [
        0.8775510204081632,
        0.7857142857142857
      ],
      "X_rbf_5d": [
        0.9387755102040817,
        0.8095238095238095
      ],
      "X_rbf_6d": [
        0.9591836734693877,
        0.8095238095238095
      ]
    },
    "params": {
      "filename": "car.csv",
      "dim_method": "umap",
      "classical_kernel": "rbf",
      "minmax_val_list": [
        [
          0,
          1
        ],
        [
          0,
          1
        ]
      ],
      "n_dimensions": [
        2,
        6
      ],
      "tsne_arguments": {
        "n_iter": 500,
        "perplexity": 30,
        "learning_rate": "auto"
      },
      "visualise_tsne_umap": false,
      "umap_arguments": {
        "n_neighbors": 45,
        "min_dist": 0.1,
        "metric": "euclidean"
      },
      "post_pca_scale": true,
      "scalers": [
        "standard",
        "minmax"
      ]
    }
  },
  {
    "results": {
      "X_rbf_2d": [
        0.8877551020408163,
        0.6190476190476191
      ],
      "X_rbf_3d": [
        0.8877551020408163,
        0.8095238095238095
      ],
      "X_rbf_4d": [
        0.9081632653061225,
        0.7857142857142857
      ],
      "X_rbf_5d": [
        0.9387755102040817,
        0.8333333333333334
      ],
      "X_rbf_6d": [
        0.9591836734693877,
        0.9047619047619048
      ]
    },
    "params": {
      "filename": "car.csv",
      "dim_method": "umap",
      "classical_kernel": "rbf",
      "minmax_val_list": [
        [
          0,
          1
        ],
        [
          0,
          1
        ]
      ],
      "n_dimensions": [
        2,
        6
      ],
      "tsne_arguments": {
        "n_iter": 500,
        "perplexity": 30,
        "learning_rate": "auto"
      },
      "visualise_tsne_umap": false,
      "umap_arguments": {
        "n_neighbors": 35,
        "min_dist": 0.1,
        "metric": "euclidean"
      },
      "post_pca_scale": true,
      "scalers": [
        "standard",
        "minmax"
      ]
    }
  },
  {
    "results": {
      "X_rbf_2d": [
        0.673469387755102,
        0.5238095238095238
      ],
      "X_rbf_3d": [
        0.8877551020408163,
        0.8095238095238095
      ],
      "X_rbf_4d": [
        0.9387755102040817,
        0.8571428571428571
      ],
      "X_rbf_5d": [
        0.9591836734693877,
        0.8571428571428571
      ],
      "X_rbf_6d": [
        1.0,
        0.9047619047619048
      ]
    },
    "params": {
      "filename": "car.csv",
      "dim_method": "pca",
      "classical_kernel": "rbf",
      "minmax_val_list": [
        [
          0,
          1
        ],
        [
          0,
          1
        ]
      ],
      "n_dimensions": [
        2,
        6
      ],
      "tsne_arguments": {
        "n_iter": 500,
        "perplexity": 30,
        "learning_rate": "auto"
      },
      "visualise_tsne_umap": false,
      "umap_arguments": {
        "n_neighbors": 3,
        "min_dist": 0.1,
        "metric": "euclidean"
      },
      "post_pca_scale": true,
      "scalers": [
        "standard",
        "minmax"
      ]
    }
  }
]