[
  {
    "results": {
      "X_rbf_2d": [
        0.9328358208955224,
        0.9137931034482759
      ],
      "X_rbf_3d": [
        0.9552238805970149,
        0.9310344827586207
      ],
      "X_rbf_4d": [
        0.9850746268656716,
        0.9655172413793104
      ],
      "X_rbf_5d": [
        0.9552238805970149,
        0.9655172413793104
      ],
      "X_rbf_6d": [
        0.9552238805970149,
        0.9310344827586207
      ],
      "X_rbf_7d": [
        0.9552238805970149,
        0.9655172413793104
      ]
    },
    "params": {
      "filename": "digits_2.csv",
      "dim_method": "umap",
      "classical_kernel": "rbf",
      "minmax_val_list": [
        [
          0,
          1
        ],
        [
          0,
          1
        ]
      ],
      "n_dimensions": [
        2,
        7
      ],
      "tsne_arguments": {
        "n_iter": 500,
        "perplexity": 30,
        "learning_rate": "auto"
      },
      "visualise_tsne_umap": false,
      "umap_arguments": {
        "n_neighbors": 3,
        "min_dist": 0.1,
        "metric": "euclidean"
      },
      "post_pca_scale": true,
      "scalers": [
        "standard",
        "minmax"
      ]
    }
  },
  {
    "results": {
      "['Y', 'YY']_kernel_2d": [
        0.5970149253731343,
        0.5172413793103449
      ],
      "['Y', 'YY']_kernel_3d": [
        0.6865671641791045,
        0.29310344827586204
      ],
      "['Y', 'YY']_kernel_4d": [
        0.746268656716418,
        0.5517241379310345
      ],
      "['Y', 'YY']_kernel_5d": [
        0.835820895522388,
        0.603448275862069
      ],
      "['Y', 'YY']_kernel_6d": [
        0.9776119402985075,
        0.5
      ],
      "['Y', 'YY']_kernel_7d": [
        0.9925373134328358,
        0.4827586206896552
      ]
    },
    "params": {
      "filename": "digits_2.csv",
      "dim_method": "umap",
      "minmax_val_list": [
        [
          0,
          1
        ],
        [
          0,
          1
        ]
      ],
      "n_dimensions": [
        2,
        7
      ],
      "save_dim_info": true,
      "tsne_arguments": {
        "n_iter": 500,
        "perplexity": 30,
        "learning_rate": "auto"
      },
      "visualise_tsne_umap": false,
      "umap_arguments": {
        "n_neighbors": 25,
        "min_dist": 0.1,
        "metric": "euclidean"
      },
      "post_pca_scale": true,
      "scalers": [
        "standard",
        "minmax"
      ],
      "feature_map_str": [
        "Y",
        "YY"
      ],
      "fm_arguments": {
        "reps": 2,
        "entanglement": "linear"
      },
      "save_circuit": false,
      "sampler_options": {
        "optimization_level": 3,
        "resilience_level": 0,
        "execution": {
          "shots": 1024,
          "seed": 27
        },
        "simulator": {
          "precision": "single"
        }
      },
      "fidelity_options": {
        "shots": 1024,
        "seed": 27
      },
      "simulator": true,
      "qiskit_api_token": null,
      "qiskit_channel": "ibm_quantum",
      "backend_override": null,
      "min_qubits": 2,
      "sample_size": null,
      "classify_original": false
    }
  },
  {
    "results": {
      "['Z']_kernel_2d": [
        0.9776119402985075,
        0.9310344827586207
      ],
      "['Z']_kernel_3d": [
        0.9925373134328358,
        0.9827586206896551
      ],
      "['Z']_kernel_4d": [
        0.9925373134328358,
        0.9827586206896551
      ],
      "['Z']_kernel_5d": [
        0.9925373134328358,
        0.9827586206896551
      ],
      "['Z']_kernel_6d": [
        0.9925373134328358,
        0.9655172413793104
      ],
      "['Z']_kernel_7d": [
        0.9925373134328358,
        0.9827586206896551
      ]
    },
    "params": {
      "filename": "digits_2.csv",
      "dim_method": "umap",
      "minmax_val_list": [
        [
          0,
          1
        ],
        [
          0,
          1
        ]
      ],
      "n_dimensions": [
        2,
        7
      ],
      "save_dim_info": true,
      "tsne_arguments": {
        "n_iter": 500,
        "perplexity": 30,
        "learning_rate": "auto"
      },
      "visualise_tsne_umap": false,
      "umap_arguments": {
        "n_neighbors": 10,
        "min_dist": 0.1,
        "metric": "euclidean"
      },
      "post_pca_scale": true,
      "scalers": [
        "standard",
        "minmax"
      ],
      "feature_map_str": [
        "Z"
      ],
      "fm_arguments": {
        "reps": 2,
        "entanglement": "linear"
      },
      "save_circuit": false,
      "sampler_options": {
        "optimization_level": 3,
        "resilience_level": 0,
        "execution": {
          "shots": 1024,
          "seed": 27
        },
        "simulator": {
          "precision": "single"
        }
      },
      "fidelity_options": {
        "shots": 1024,
        "seed": 27
      },
      "simulator": true,
      "qiskit_api_token": null,
      "qiskit_channel": "ibm_quantum",
      "backend_override": null,
      "min_qubits": 2,
      "sample_size": null,
      "classify_original": false
    }
  },
  {
    "results": {
      "X_rbf_2d": [
        0.9925373134328358,
        0.896551724137931
      ],
      "X_rbf_3d": [
        0.9850746268656716,
        0.9827586206896551
      ],
      "X_rbf_4d": [
        1.0,
        0.9310344827586207
      ],
      "X_rbf_5d": [
        0.9925373134328358,
        0.9310344827586207
      ],
      "X_rbf_6d": [
        0.9925373134328358,
        0.9827586206896551
      ],
      "X_rbf_7d": [
        0.9925373134328358,
        0.9827586206896551
      ]
    },
    "params": {
      "filename": "digits_2.csv",
      "dim_method": "umap",
      "classical_kernel": "rbf",
      "minmax_val_list": [
        [
          0,
          1
        ],
        [
          0,
          1
        ]
      ],
      "n_dimensions": [
        2,
        7
      ],
      "tsne_arguments": {
        "n_iter": 500,
        "perplexity": 30,
        "learning_rate": "auto"
      },
      "visualise_tsne_umap": false,
      "umap_arguments": {
        "n_neighbors": 25,
        "min_dist": 0.1,
        "metric": "euclidean"
      },
      "post_pca_scale": true,
      "scalers": [
        "standard",
        "minmax"
      ]
    }
  },
  {
    "results": {
      "['Z']_kernel_2d": [
        0.9701492537313433,
        0.8620689655172413
      ],
      "['Z']_kernel_3d": [
        0.9552238805970149,
        0.896551724137931
      ],
      "['Z']_kernel_4d": [
        0.9776119402985075,
        0.9655172413793104
      ],
      "['Z']_kernel_5d": [
        0.9925373134328358,
        0.9482758620689655
      ],
      "['Z']_kernel_6d": [
        0.9925373134328358,
        0.9310344827586207
      ],
      "['Z']_kernel_7d": [
        0.9925373134328358,
        0.9310344827586207
      ]
    },
    "params": {
      "filename": "digits_2.csv",
      "dim_method": "umap",
      "minmax_val_list": [
        [
          0,
          1
        ],
        [
          0,
          1
        ]
      ],
      "n_dimensions": [
        2,
        7
      ],
      "save_dim_info": true,
      "tsne_arguments": {
        "n_iter": 500,
        "perplexity": 30,
        "learning_rate": "auto"
      },
      "visualise_tsne_umap": false,
      "umap_arguments": {
        "n_neighbors": 45,
        "min_dist": 0.1,
        "metric": "euclidean"
      },
      "post_pca_scale": true,
      "scalers": [
        "standard",
        "minmax"
      ],
      "feature_map_str": [
        "Z"
      ],
      "fm_arguments": {
        "reps": 2,
        "entanglement": "linear"
      },
      "save_circuit": false,
      "sampler_options": {
        "optimization_level": 3,
        "resilience_level": 0,
        "execution": {
          "shots": 1024,
          "seed": 27
        },
        "simulator": {
          "precision": "single"
        }
      },
      "fidelity_options": {
        "shots": 1024,
        "seed": 27
      },
      "simulator": true,
      "qiskit_api_token": null,
      "qiskit_channel": "ibm_quantum",
      "backend_override": null,
      "min_qubits": 2,
      "sample_size": null,
      "classify_original": false
    }
  },
  {
    "results": {
      "['Y', 'YY']_kernel_2d": [
        0.5597014925373134,
        0.4482758620689655
      ],
      "['Y', 'YY']_kernel_3d": [
        0.5746268656716418,
        0.3793103448275862
      ],
      "['Y', 'YY']_kernel_4d": [
        0.7014925373134329,
        0.5344827586206896
      ],
      "['Y', 'YY']_kernel_5d": [
        0.7835820895522388,
        0.5862068965517241
      ],
      "['Y', 'YY']_kernel_6d": [
        0.8731343283582089,
        0.5517241379310345
      ],
      "['Y', 'YY']_kernel_7d": [
        0.9552238805970149,
        0.5862068965517241
      ]
    },
    "params": {
      "filename": "digits_2.csv",
      "dim_method": "pca",
      "minmax_val_list": [
        [
          0,
          1
        ],
        [
          0,
          1
        ]
      ],
      "n_dimensions": [
        2,
        7
      ],
      "save_dim_info": true,
      "tsne_arguments": {
        "n_iter": 500,
        "perplexity": 30,
        "learning_rate": "auto"
      },
      "visualise_tsne_umap": false,
      "umap_arguments": {
        "n_neighbors": 3,
        "min_dist": 0.1,
        "metric": "euclidean"
      },
      "post_pca_scale": true,
      "scalers": [
        "standard",
        "minmax"
      ],
      "feature_map_str": [
        "Y",
        "YY"
      ],
      "fm_arguments": {
        "reps": 2,
        "entanglement": "linear"
      },
      "save_circuit": false,
      "sampler_options": {
        "optimization_level": 3,
        "resilience_level": 0,
        "execution": {
          "shots": 1024,
          "seed": 27
        },
        "simulator": {
          "precision": "single"
        }
      },
      "fidelity_options": {
        "shots": 1024,
        "seed": 27
      },
      "simulator": true,
      "qiskit_api_token": null,
      "qiskit_channel": "ibm_quantum",
      "backend_override": null,
      "min_qubits": 2,
      "sample_size": null,
      "classify_original": false
    }
  },
  {
    "results": {
      "['ZZ']_kernel_2d": [
        0.6343283582089553,
        0.6724137931034483
      ],
      "['ZZ']_kernel_3d": [
        0.9104477611940298,
        0.8793103448275862
      ],
      "['ZZ']_kernel_4d": [
        0.9626865671641791,
        0.9655172413793104
      ],
      "['ZZ']_kernel_5d": [
        0.9776119402985075,
        0.9655172413793104
      ],
      "['ZZ']_kernel_6d": [
        0.9850746268656716,
        0.9655172413793104
      ],
      "['ZZ']_kernel_7d": [
        0.9776119402985075,
        0.9655172413793104
      ]
    },
    "params": {
      "filename": "digits_2.csv",
      "dim_method": "umap",
      "minmax_val_list": [
        [
          0,
          1
        ],
        [
          0,
          1
        ]
      ],
      "n_dimensions": [
        2,
        7
      ],
      "save_dim_info": true,
      "tsne_arguments": {
        "n_iter": 500,
        "perplexity": 30,
        "learning_rate": "auto"
      },
      "visualise_tsne_umap": false,
      "umap_arguments": {
        "n_neighbors": 3,
        "min_dist": 0.1,
        "metric": "euclidean"
      },
      "post_pca_scale": true,
      "scalers": [
        "standard",
        "minmax"
      ],
      "feature_map_str": [
        "ZZ"
      ],
      "fm_arguments": {
        "reps": 2,
        "entanglement": "linear"
      },
      "save_circuit": false,
      "sampler_options": {
        "optimization_level": 3,
        "resilience_level": 0,
        "execution": {
          "shots": 1024,
          "seed": 27
        },
        "simulator": {
          "precision": "single"
        }
      },
      "fidelity_options": {
        "shots": 1024,
        "seed": 27
      },
      "simulator": true,
      "qiskit_api_token": null,
      "qiskit_channel": "ibm_quantum",
      "backend_override": null,
      "min_qubits": 2,
      "sample_size": null,
      "classify_original": false
    }
  },
  {
    "results": {
      "['Z']_kernel_2d": [
        0.9626865671641791,
        0.8793103448275862
      ],
      "['Z']_kernel_3d": [
        0.9776119402985075,
        0.9482758620689655
      ],
      "['Z']_kernel_4d": [
        0.9850746268656716,
        0.9827586206896551
      ],
      "['Z']_kernel_5d": [
        0.9925373134328358,
        0.9827586206896551
      ],
      "['Z']_kernel_6d": [
        0.9850746268656716,
        0.9482758620689655
      ],
      "['Z']_kernel_7d": [
        0.9925373134328358,
        0.9827586206896551
      ]
    },
    "params": {
      "filename": "digits_2.csv",
      "dim_method": "umap",
      "minmax_val_list": [
        [
          0,
          1
        ],
        [
          0,
          1
        ]
      ],
      "n_dimensions": [
        2,
        7
      ],
      "save_dim_info": true,
      "tsne_arguments": {
        "n_iter": 500,
        "perplexity": 30,
        "learning_rate": "auto"
      },
      "visualise_tsne_umap": false,
      "umap_arguments": {
        "n_neighbors": 35,
        "min_dist": 0.1,
        "metric": "euclidean"
      },
      "post_pca_scale": true,
      "scalers": [
        "standard",
        "minmax"
      ],
      "feature_map_str": [
        "Z"
      ],
      "fm_arguments": {
        "reps": 2,
        "entanglement": "linear"
      },
      "save_circuit": false,
      "sampler_options": {
        "optimization_level": 3,
        "resilience_level": 0,
        "execution": {
          "shots": 1024,
          "seed": 27
        },
        "simulator": {
          "precision": "single"
        }
      },
      "fidelity_options": {
        "shots": 1024,
        "seed": 27
      },
      "simulator": true,
      "qiskit_api_token": null,
      "qiskit_channel": "ibm_quantum",
      "backend_override": null,
      "min_qubits": 2,
      "sample_size": null,
      "classify_original": false
    }
  },
  {
    "results": {
      "['Z']_kernel_2d": [
        0.9701492537313433,
        0.9137931034482759
      ],
      "['Z']_kernel_3d": [
        0.9850746268656716,
        0.9827586206896551
      ],
      "['Z']_kernel_4d": [
        0.9925373134328358,
        0.896551724137931
      ],
      "['Z']_kernel_5d": [
        0.9925373134328358,
        0.9482758620689655
      ],
      "['Z']_kernel_6d": [
        0.9925373134328358,
        0.9827586206896551
      ],
      "['Z']_kernel_7d": [
        0.9925373134328358,
        0.9827586206896551
      ]
    },
    "params": {
      "filename": "digits_2.csv",
      "dim_method": "umap",
      "minmax_val_list": [
        [
          0,
          1
        ],
        [
          0,
          1
        ]
      ],
      "n_dimensions": [
        2,
        7
      ],
      "save_dim_info": true,
      "tsne_arguments": {
        "n_iter": 500,
        "perplexity": 30,
        "learning_rate": "auto"
      },
      "visualise_tsne_umap": false,
      "umap_arguments": {
        "n_neighbors": 25,
        "min_dist": 0.1,
        "metric": "euclidean"
      },
      "post_pca_scale": true,
      "scalers": [
        "standard",
        "minmax"
      ],
      "feature_map_str": [
        "Z"
      ],
      "fm_arguments": {
        "reps": 2,
        "entanglement": "linear"
      },
      "save_circuit": false,
      "sampler_options": {
        "optimization_level": 3,
        "resilience_level": 0,
        "execution": {
          "shots": 1024,
          "seed": 27
        },
        "simulator": {
          "precision": "single"
        }
      },
      "fidelity_options": {
        "shots": 1024,
        "seed": 27
      },
      "simulator": true,
      "qiskit_api_token": null,
      "qiskit_channel": "ibm_quantum",
      "backend_override": null,
      "min_qubits": 2,
      "sample_size": null,
      "classify_original": false
    }
  },
  {
    "results": {
      "['Z', 'ZZ']_kernel_2d": [
        0.9402985074626866,
        0.896551724137931
      ],
      "['Z', 'ZZ']_kernel_3d": [
        0.9776119402985075,
        0.9310344827586207
      ],
      "['Z', 'ZZ']_kernel_4d": [
        0.9850746268656716,
        0.9137931034482759
      ],
      "['Z', 'ZZ']_kernel_5d": [
        1.0,
        0.9310344827586207
      ],
      "['Z', 'ZZ']_kernel_6d": [
        0.9850746268656716,
        0.9482758620689655
      ],
      "['Z', 'ZZ']_kernel_7d": [
        0.9925373134328358,
        0.9655172413793104
      ]
    },
    "params": {
      "filename": "digits_2.csv",
      "dim_method": "umap",
      "minmax_val_list": [
        [
          0,
          1
        ],
        [
          0,
          1
        ]
      ],
      "n_dimensions": [
        2,
        7
      ],
      "save_dim_info": true,
      "tsne_arguments": {
        "n_iter": 500,
        "perplexity": 30,
        "learning_rate": "auto"
      },
      "visualise_tsne_umap": false,
      "umap_arguments": {
        "n_neighbors": 10,
        "min_dist": 0.1,
        "metric": "euclidean"
      },
      "post_pca_scale": true,
      "scalers": [
        "standard",
        "minmax"
      ],
      "feature_map_str": [
        "Z",
        "ZZ"
      ],
      "fm_arguments": {
        "reps": 2,
        "entanglement": "linear"
      },
      "save_circuit": false,
      "sampler_options": {
        "optimization_level": 3,
        "resilience_level": 0,
        "execution": {
          "shots": 1024,
          "seed": 27
        },
        "simulator": {
          "precision": "single"
        }
      },
      "fidelity_options": {
        "shots": 1024,
        "seed": 27
      },
      "simulator": true,
      "qiskit_api_token": null,
      "qiskit_channel": "ibm_quantum",
      "backend_override": null,
      "min_qubits": 2,
      "sample_size": null,
      "classify_original": false
    }
  },
  {
    "results": {
      "['Z', 'ZZ']_kernel_2d": [
        0.9253731343283582,
        0.8275862068965517
      ],
      "['Z', 'ZZ']_kernel_3d": [
        1.0,
        0.9310344827586207
      ],
      "['Z', 'ZZ']_kernel_4d": [
        1.0,
        0.6551724137931034
      ],
      "['Z', 'ZZ']_kernel_5d": [
        0.9925373134328358,
        0.8103448275862069
      ],
      "['Z', 'ZZ']_kernel_6d": [
        0.9925373134328358,
        0.9137931034482759
      ],
      "['Z', 'ZZ']_kernel_7d": [
        1.0,
        0.5862068965517241
      ]
    },
    "params": {
      "filename": "digits_2.csv",
      "dim_method": "umap",
      "minmax_val_list": [
        [
          0,
          1
        ],
        [
          0,
          1
        ]
      ],
      "n_dimensions": [
        2,
        7
      ],
      "save_dim_info": true,
      "tsne_arguments": {
        "n_iter": 500,
        "perplexity": 30,
        "learning_rate": "auto"
      },
      "visualise_tsne_umap": false,
      "umap_arguments": {
        "n_neighbors": 25,
        "min_dist": 0.1,
        "metric": "euclidean"
      },
      "post_pca_scale": true,
      "scalers": [
        "standard",
        "minmax"
      ],
      "feature_map_str": [
        "Z",
        "ZZ"
      ],
      "fm_arguments": {
        "reps": 2,
        "entanglement": "linear"
      },
      "save_circuit": false,
      "sampler_options": {
        "optimization_level": 3,
        "resilience_level": 0,
        "execution": {
          "shots": 1024,
          "seed": 27
        },
        "simulator": {
          "precision": "single"
        }
      },
      "fidelity_options": {
        "shots": 1024,
        "seed": 27
      },
      "simulator": true,
      "qiskit_api_token": null,
      "qiskit_channel": "ibm_quantum",
      "backend_override": null,
      "min_qubits": 2,
      "sample_size": null,
      "classify_original": false
    }
  },
  {
    "results": {
      "['ZZ']_kernel_2d": [
        0.8059701492537313,
        0.8275862068965517
      ],
      "['ZZ']_kernel_3d": [
        0.8432835820895522,
        0.8448275862068966
      ],
      "['ZZ']_kernel_4d": [
        0.8955223880597015,
        0.8448275862068966
      ],
      "['ZZ']_kernel_5d": [
        0.9402985074626866,
        0.9137931034482759
      ],
      "['ZZ']_kernel_6d": [
        0.9328358208955224,
        0.8620689655172413
      ],
      "['ZZ']_kernel_7d": [
        0.9776119402985075,
        0.8448275862068966
      ]
    },
    "params": {
      "filename": "digits_2.csv",
      "dim_method": "pca",
      "minmax_val_list": [
        [
          0,
          1
        ],
        [
          0,
          1
        ]
      ],
      "n_dimensions": [
        2,
        7
      ],
      "save_dim_info": true,
      "tsne_arguments": {
        "n_iter": 500,
        "perplexity": 30,
        "learning_rate": "auto"
      },
      "visualise_tsne_umap": false,
      "umap_arguments": {
        "n_neighbors": 3,
        "min_dist": 0.1,
        "metric": "euclidean"
      },
      "post_pca_scale": true,
      "scalers": [
        "standard",
        "minmax"
      ],
      "feature_map_str": [
        "ZZ"
      ],
      "fm_arguments": {
        "reps": 2,
        "entanglement": "linear"
      },
      "save_circuit": false,
      "sampler_options": {
        "optimization_level": 3,
        "resilience_level": 0,
        "execution": {
          "shots": 1024,
          "seed": 27
        },
        "simulator": {
          "precision": "single"
        }
      },
      "fidelity_options": {
        "shots": 1024,
        "seed": 27
      },
      "simulator": true,
      "qiskit_api_token": null,
      "qiskit_channel": "ibm_quantum",
      "backend_override": null,
      "min_qubits": 2,
      "sample_size": null,
      "classify_original": false
    }
  },
  {
    "results": {
      "X_rbf_2d": [
        0.9850746268656716,
        0.8793103448275862
      ],
      "X_rbf_3d": [
        0.9850746268656716,
        0.9655172413793104
      ],
      "X_rbf_4d": [
        0.9925373134328358,
        0.9827586206896551
      ],
      "X_rbf_5d": [
        0.9925373134328358,
        0.9827586206896551
      ],
      "X_rbf_6d": [
        0.9850746268656716,
        0.9482758620689655
      ],
      "X_rbf_7d": [
        0.9850746268656716,
        0.9827586206896551
      ]
    },
    "params": {
      "filename": "digits_2.csv",
      "dim_method": "umap",
      "classical_kernel": "rbf",
      "minmax_val_list": [
        [
          0,
          1
        ],
        [
          0,
          1
        ]
      ],
      "n_dimensions": [
        2,
        7
      ],
      "tsne_arguments": {
        "n_iter": 500,
        "perplexity": 30,
        "learning_rate": "auto"
      },
      "visualise_tsne_umap": false,
      "umap_arguments": {
        "n_neighbors": 35,
        "min_dist": 0.1,
        "metric": "euclidean"
      },
      "post_pca_scale": true,
      "scalers": [
        "standard",
        "minmax"
      ]
    }
  },
  {
    "results": {
      "['Z']_kernel_2d": [
        0.9552238805970149,
        0.9655172413793104
      ],
      "['Z']_kernel_3d": [
        0.9776119402985075,
        0.9827586206896551
      ],
      "['Z']_kernel_4d": [
        0.9626865671641791,
        0.9827586206896551
      ],
      "['Z']_kernel_5d": [
        0.9776119402985075,
        0.9827586206896551
      ],
      "['Z']_kernel_6d": [
        0.9850746268656716,
        0.9827586206896551
      ],
      "['Z']_kernel_7d": [
        0.9850746268656716,
        0.9827586206896551
      ]
    },
    "params": {
      "filename": "digits_2.csv",
      "dim_method": "umap",
      "minmax_val_list": [
        [
          0,
          1
        ],
        [
          0,
          1
        ]
      ],
      "n_dimensions": [
        2,
        7
      ],
      "save_dim_info": true,
      "tsne_arguments": {
        "n_iter": 500,
        "perplexity": 30,
        "learning_rate": "auto"
      },
      "visualise_tsne_umap": false,
      "umap_arguments": {
        "n_neighbors": 5,
        "min_dist": 0.1,
        "metric": "euclidean"
      },
      "post_pca_scale": true,
      "scalers": [
        "standard",
        "minmax"
      ],
      "feature_map_str": [
        "Z"
      ],
      "fm_arguments": {
        "reps": 2,
        "entanglement": "linear"
      },
      "save_circuit": false,
      "sampler_options": {
        "optimization_level": 3,
        "resilience_level": 0,
        "execution": {
          "shots": 1024,
          "seed": 27
        },
        "simulator": {
          "precision": "single"
        }
      },
      "fidelity_options": {
        "shots": 1024,
        "seed": 27
      },
      "simulator": true,
      "qiskit_api_token": null,
      "qiskit_channel": "ibm_quantum",
      "backend_override": null,
      "min_qubits": 2,
      "sample_size": null,
      "classify_original": false
    }
  },
  {
    "results": {
      "['Y', 'YY']_kernel_2d": [
        0.6119402985074627,
        0.7241379310344828
      ],
      "['Y', 'YY']_kernel_3d": [
        0.8134328358208955,
        0.8275862068965517
      ],
      "['Y', 'YY']_kernel_4d": [
        0.917910447761194,
        0.8793103448275862
      ],
      "['Y', 'YY']_kernel_5d": [
        0.917910447761194,
        0.8620689655172413
      ],
      "['Y', 'YY']_kernel_6d": [
        0.9850746268656716,
        0.9655172413793104
      ],
      "['Y', 'YY']_kernel_7d": [
        0.9850746268656716,
        0.9655172413793104
      ]
    },
    "params": {
      "filename": "digits_2.csv",
      "dim_method": "umap",
      "minmax_val_list": [
        [
          0,
          1
        ],
        [
          0,
          1
        ]
      ],
      "n_dimensions": [
        2,
        7
      ],
      "save_dim_info": true,
      "tsne_arguments": {
        "n_iter": 500,
        "perplexity": 30,
        "learning_rate": "auto"
      },
      "visualise_tsne_umap": false,
      "umap_arguments": {
        "n_neighbors": 3,
        "min_dist": 0.1,
        "metric": "euclidean"
      },
      "post_pca_scale": true,
      "scalers": [
        "standard",
        "minmax"
      ],
      "feature_map_str": [
        "Y",
        "YY"
      ],
      "fm_arguments": {
        "reps": 2,
        "entanglement": "linear"
      },
      "save_circuit": false,
      "sampler_options": {
        "optimization_level": 3,
        "resilience_level": 0,
        "execution": {
          "shots": 1024,
          "seed": 27
        },
        "simulator": {
          "precision": "single"
        }
      },
      "fidelity_options": {
        "shots": 1024,
        "seed": 27
      },
      "simulator": true,
      "qiskit_api_token": null,
      "qiskit_channel": "ibm_quantum",
      "backend_override": null,
      "min_qubits": 2,
      "sample_size": null,
      "classify_original": false
    }
  },
  {
    "results": {
      "['ZZ']_kernel_2d": [
        0.582089552238806,
        0.6551724137931034
      ],
      "['ZZ']_kernel_3d": [
        0.8283582089552238,
        0.6896551724137931
      ],
      "['ZZ']_kernel_4d": [
        0.9402985074626866,
        0.46551724137931033
      ],
      "['ZZ']_kernel_5d": [
        0.9104477611940298,
        0.6206896551724138
      ],
      "['ZZ']_kernel_6d": [
        0.9925373134328358,
        0.8103448275862069
      ],
      "['ZZ']_kernel_7d": [
        1.0,
        0.7068965517241379
      ]
    },
    "params": {
      "filename": "digits_2.csv",
      "dim_method": "umap",
      "minmax_val_list": [
        [
          0,
          1
        ],
        [
          0,
          1
        ]
      ],
      "n_dimensions": [
        2,
        7
      ],
      "save_dim_info": true,
      "tsne_arguments": {
        "n_iter": 500,
        "perplexity": 30,
        "learning_rate": "auto"
      },
      "visualise_tsne_umap": false,
      "umap_arguments": {
        "n_neighbors": 25,
        "min_dist": 0.1,
        "metric": "euclidean"
      },
      "post_pca_scale": true,
      "scalers": [
        "standard",
        "minmax"
      ],
      "feature_map_str": [
        "ZZ"
      ],
      "fm_arguments": {
        "reps": 2,
        "entanglement": "linear"
      },
      "save_circuit": false,
      "sampler_options": {
        "optimization_level": 3,
        "resilience_level": 0,
        "execution": {
          "shots": 1024,
          "seed": 27
        },
        "simulator": {
          "precision": "single"
        }
      },
      "fidelity_options": {
        "shots": 1024,
        "seed": 27
      },
      "simulator": true,
      "qiskit_api_token": null,
      "qiskit_channel": "ibm_quantum",
      "backend_override": null,
      "min_qubits": 2,
      "sample_size": null,
      "classify_original": false
    }
  },
  {
    "results": {
      "['ZZ']_kernel_2d": [
        0.664179104477612,
        0.46551724137931033
      ],
      "['ZZ']_kernel_3d": [
        0.8134328358208955,
        0.5172413793103449
      ],
      "['ZZ']_kernel_4d": [
        0.8805970149253731,
        0.6551724137931034
      ],
      "['ZZ']_kernel_5d": [
        0.9626865671641791,
        0.25862068965517243
      ],
      "['ZZ']_kernel_6d": [
        1.0,
        0.5862068965517241
      ],
      "['ZZ']_kernel_7d": [
        0.9925373134328358,
        0.6206896551724138
      ]
    },
    "params": {
      "filename": "digits_2.csv",
      "dim_method": "umap",
      "minmax_val_list": [
        [
          0,
          1
        ],
        [
          0,
          1
        ]
      ],
      "n_dimensions": [
        2,
        7
      ],
      "save_dim_info": true,
      "tsne_arguments": {
        "n_iter": 500,
        "perplexity": 30,
        "learning_rate": "auto"
      },
      "visualise_tsne_umap": false,
      "umap_arguments": {
        "n_neighbors": 45,
        "min_dist": 0.1,
        "metric": "euclidean"
      },
      "post_pca_scale": true,
      "scalers": [
        "standard",
        "minmax"
      ],
      "feature_map_str": [
        "ZZ"
      ],
      "fm_arguments": {
        "reps": 2,
        "entanglement": "linear"
      },
      "save_circuit": false,
      "sampler_options": {
        "optimization_level": 3,
        "resilience_level": 0,
        "execution": {
          "shots": 1024,
          "seed": 27
        },
        "simulator": {
          "precision": "single"
        }
      },
      "fidelity_options": {
        "shots": 1024,
        "seed": 27
      },
      "simulator": true,
      "qiskit_api_token": null,
      "qiskit_channel": "ibm_quantum",
      "backend_override": null,
      "min_qubits": 2,
      "sample_size": null,
      "classify_original": false
    }
  },
  {
    "results": {
      "['Z', 'ZZ']_kernel_2d": [
        0.8955223880597015,
        0.9137931034482759
      ],
      "['Z', 'ZZ']_kernel_3d": [
        0.9253731343283582,
        0.896551724137931
      ],
      "['Z', 'ZZ']_kernel_4d": [
        0.9253731343283582,
        0.9137931034482759
      ],
      "['Z', 'ZZ']_kernel_5d": [
        0.9776119402985075,
        0.9482758620689655
      ],
      "['Z', 'ZZ']_kernel_6d": [
        0.9850746268656716,
        0.9310344827586207
      ],
      "['Z', 'ZZ']_kernel_7d": [
        1.0,
        0.9310344827586207
      ]
    },
    "params": {
      "filename": "digits_2.csv",
      "dim_method": "pca",
      "minmax_val_list": [
        [
          0,
          1
        ],
        [
          0,
          1
        ]
      ],
      "n_dimensions": [
        2,
        7
      ],
      "save_dim_info": true,
      "tsne_arguments": {
        "n_iter": 500,
        "perplexity": 30,
        "learning_rate": "auto"
      },
      "visualise_tsne_umap": false,
      "umap_arguments": {
        "n_neighbors": 3,
        "min_dist": 0.1,
        "metric": "euclidean"
      },
      "post_pca_scale": true,
      "scalers": [
        "standard",
        "minmax"
      ],
      "feature_map_str": [
        "Z",
        "ZZ"
      ],
      "fm_arguments": {
        "reps": 2,
        "entanglement": "linear"
      },
      "save_circuit": false,
      "sampler_options": {
        "optimization_level": 3,
        "resilience_level": 0,
        "execution": {
          "shots": 1024,
          "seed": 27
        },
        "simulator": {
          "precision": "single"
        }
      },
      "fidelity_options": {
        "shots": 1024,
        "seed": 27
      },
      "simulator": true,
      "qiskit_api_token": null,
      "qiskit_channel": "ibm_quantum",
      "backend_override": null,
      "min_qubits": 2,
      "sample_size": null,
      "classify_original": false
    }
  },
  {
    "results": {
      "['ZZ']_kernel_2d": [
        0.5970149253731343,
        0.41379310344827586
      ],
      "['ZZ']_kernel_3d": [
        0.7910447761194029,
        0.5862068965517241
      ],
      "['ZZ']_kernel_4d": [
        0.7910447761194029,
        0.5689655172413793
      ],
      "['ZZ']_kernel_5d": [
        0.9701492537313433,
        0.5689655172413793
      ],
      "['ZZ']_kernel_6d": [
        0.9850746268656716,
        0.5689655172413793
      ],
      "['ZZ']_kernel_7d": [
        0.9552238805970149,
        0.7068965517241379
      ]
    },
    "params": {
      "filename": "digits_2.csv",
      "dim_method": "umap",
      "minmax_val_list": [
        [
          0,
          1
        ],
        [
          0,
          1
        ]
      ],
      "n_dimensions": [
        2,
        7
      ],
      "save_dim_info": true,
      "tsne_arguments": {
        "n_iter": 500,
        "perplexity": 30,
        "learning_rate": "auto"
      },
      "visualise_tsne_umap": false,
      "umap_arguments": {
        "n_neighbors": 35,
        "min_dist": 0.1,
        "metric": "euclidean"
      },
      "post_pca_scale": true,
      "scalers": [
        "standard",
        "minmax"
      ],
      "feature_map_str": [
        "ZZ"
      ],
      "fm_arguments": {
        "reps": 2,
        "entanglement": "linear"
      },
      "save_circuit": false,
      "sampler_options": {
        "optimization_level": 3,
        "resilience_level": 0,
        "execution": {
          "shots": 1024,
          "seed": 27
        },
        "simulator": {
          "precision": "single"
        }
      },
      "fidelity_options": {
        "shots": 1024,
        "seed": 27
      },
      "simulator": true,
      "qiskit_api_token": null,
      "qiskit_channel": "ibm_quantum",
      "backend_override": null,
      "min_qubits": 2,
      "sample_size": null,
      "classify_original": false
    }
  },
  {
    "results": {
      "['Y', 'YY']_kernel_2d": [
        0.6119402985074627,
        0.3275862068965517
      ],
      "['Y', 'YY']_kernel_3d": [
        0.6716417910447762,
        0.6896551724137931
      ],
      "['Y', 'YY']_kernel_4d": [
        0.7985074626865671,
        0.41379310344827586
      ],
      "['Y', 'YY']_kernel_5d": [
        0.8507462686567164,
        0.43103448275862066
      ],
      "['Y', 'YY']_kernel_6d": [
        0.8656716417910447,
        0.46551724137931033
      ],
      "['Y', 'YY']_kernel_7d": [
        0.9626865671641791,
        0.43103448275862066
      ]
    },
    "params": {
      "filename": "digits_2.csv",
      "dim_method": "umap",
      "minmax_val_list": [
        [
          0,
          1
        ],
        [
          0,
          1
        ]
      ],
      "n_dimensions": [
        2,
        7
      ],
      "save_dim_info": true,
      "tsne_arguments": {
        "n_iter": 500,
        "perplexity": 30,
        "learning_rate": "auto"
      },
      "visualise_tsne_umap": false,
      "umap_arguments": {
        "n_neighbors": 45,
        "min_dist": 0.1,
        "metric": "euclidean"
      },
      "post_pca_scale": true,
      "scalers": [
        "standard",
        "minmax"
      ],
      "feature_map_str": [
        "Y",
        "YY"
      ],
      "fm_arguments": {
        "reps": 2,
        "entanglement": "linear"
      },
      "save_circuit": false,
      "sampler_options": {
        "optimization_level": 3,
        "resilience_level": 0,
        "execution": {
          "shots": 1024,
          "seed": 27
        },
        "simulator": {
          "precision": "single"
        }
      },
      "fidelity_options": {
        "shots": 1024,
        "seed": 27
      },
      "simulator": true,
      "qiskit_api_token": null,
      "qiskit_channel": "ibm_quantum",
      "backend_override": null,
      "min_qubits": 2,
      "sample_size": null,
      "classify_original": false
    }
  },
  {
    "results": {
      "['Y', 'YY']_kernel_2d": [
        0.6343283582089553,
        0.603448275862069
      ],
      "['Y', 'YY']_kernel_3d": [
        0.6865671641791045,
        0.5172413793103449
      ],
      "['Y', 'YY']_kernel_4d": [
        0.8955223880597015,
        0.5862068965517241
      ],
      "['Y', 'YY']_kernel_5d": [
        0.9776119402985075,
        0.8275862068965517
      ],
      "['Y', 'YY']_kernel_6d": [
        0.9477611940298507,
        0.7586206896551724
      ],
      "['Y', 'YY']_kernel_7d": [
        1.0,
        0.9482758620689655
      ]
    },
    "params": {
      "filename": "digits_2.csv",
      "dim_method": "umap",
      "minmax_val_list": [
        [
          0,
          1
        ],
        [
          0,
          1
        ]
      ],
      "n_dimensions": [
        2,
        7
      ],
      "save_dim_info": true,
      "tsne_arguments": {
        "n_iter": 500,
        "perplexity": 30,
        "learning_rate": "auto"
      },
      "visualise_tsne_umap": false,
      "umap_arguments": {
        "n_neighbors": 5,
        "min_dist": 0.1,
        "metric": "euclidean"
      },
      "post_pca_scale": true,
      "scalers": [
        "standard",
        "minmax"
      ],
      "feature_map_str": [
        "Y",
        "YY"
      ],
      "fm_arguments": {
        "reps": 2,
        "entanglement": "linear"
      },
      "save_circuit": false,
      "sampler_options": {
        "optimization_level": 3,
        "resilience_level": 0,
        "execution": {
          "shots": 1024,
          "seed": 27
        },
        "simulator": {
          "precision": "single"
        }
      },
      "fidelity_options": {
        "shots": 1024,
        "seed": 27
      },
      "simulator": true,
      "qiskit_api_token": null,
      "qiskit_channel": "ibm_quantum",
      "backend_override": null,
      "min_qubits": 2,
      "sample_size": null,
      "classify_original": false
    }
  },
  {
    "results": {
      "['Z', 'ZZ']_kernel_2d": [
        0.9029850746268657,
        0.9137931034482759
      ],
      "['Z', 'ZZ']_kernel_3d": [
        0.9552238805970149,
        0.9310344827586207
      ],
      "['Z', 'ZZ']_kernel_4d": [
        0.9626865671641791,
        0.9482758620689655
      ],
      "['Z', 'ZZ']_kernel_5d": [
        0.9850746268656716,
        0.9655172413793104
      ],
      "['Z', 'ZZ']_kernel_6d": [
        0.9850746268656716,
        0.9655172413793104
      ],
      "['Z', 'ZZ']_kernel_7d": [
        0.9850746268656716,
        0.9655172413793104
      ]
    },
    "params": {
      "filename": "digits_2.csv",
      "dim_method": "umap",
      "minmax_val_list": [
        [
          0,
          1
        ],
        [
          0,
          1
        ]
      ],
      "n_dimensions": [
        2,
        7
      ],
      "save_dim_info": true,
      "tsne_arguments": {
        "n_iter": 500,
        "perplexity": 30,
        "learning_rate": "auto"
      },
      "visualise_tsne_umap": false,
      "umap_arguments": {
        "n_neighbors": 3,
        "min_dist": 0.1,
        "metric": "euclidean"
      },
      "post_pca_scale": true,
      "scalers": [
        "standard",
        "minmax"
      ],
      "feature_map_str": [
        "Z",
        "ZZ"
      ],
      "fm_arguments": {
        "reps": 2,
        "entanglement": "linear"
      },
      "save_circuit": false,
      "sampler_options": {
        "optimization_level": 3,
        "resilience_level": 0,
        "execution": {
          "shots": 1024,
          "seed": 27
        },
        "simulator": {
          "precision": "single"
        }
      },
      "fidelity_options": {
        "shots": 1024,
        "seed": 27
      },
      "simulator": true,
      "qiskit_api_token": null,
      "qiskit_channel": "ibm_quantum",
      "backend_override": null,
      "min_qubits": 2,
      "sample_size": null,
      "classify_original": false
    }
  },
  {
    "results": {
      "X_rbf_2d": [
        0.9253731343283582,
        0.896551724137931
      ],
      "X_rbf_3d": [
        0.9477611940298507,
        0.8793103448275862
      ],
      "X_rbf_4d": [
        0.9477611940298507,
        0.896551724137931
      ],
      "X_rbf_5d": [
        0.9776119402985075,
        0.9310344827586207
      ],
      "X_rbf_6d": [
        0.9776119402985075,
        0.9482758620689655
      ],
      "X_rbf_7d": [
        1.0,
        0.9655172413793104
      ]
    },
    "params": {
      "filename": "digits_2.csv",
      "dim_method": "pca",
      "classical_kernel": "rbf",
      "minmax_val_list": [
        [
          0,
          1
        ],
        [
          0,
          1
        ]
      ],
      "n_dimensions": [
        2,
        7
      ],
      "tsne_arguments": {
        "n_iter": 500,
        "perplexity": 30,
        "learning_rate": "auto"
      },
      "visualise_tsne_umap": false,
      "umap_arguments": {
        "n_neighbors": 3,
        "min_dist": 0.1,
        "metric": "euclidean"
      },
      "post_pca_scale": true,
      "scalers": [
        "standard",
        "minmax"
      ]
    }
  },
  {
    "results": {
      "X_rbf_2d": [
        0.9701492537313433,
        0.9655172413793104
      ],
      "X_rbf_3d": [
        0.9776119402985075,
        0.9827586206896551
      ],
      "X_rbf_4d": [
        0.9850746268656716,
        0.9827586206896551
      ],
      "X_rbf_5d": [
        0.9776119402985075,
        0.9827586206896551
      ],
      "X_rbf_6d": [
        0.9776119402985075,
        0.9827586206896551
      ],
      "X_rbf_7d": [
        0.9850746268656716,
        0.9827586206896551
      ]
    },
    "params": {
      "filename": "digits_2.csv",
      "dim_method": "umap",
      "classical_kernel": "rbf",
      "minmax_val_list": [
        [
          0,
          1
        ],
        [
          0,
          1
        ]
      ],
      "n_dimensions": [
        2,
        7
      ],
      "tsne_arguments": {
        "n_iter": 500,
        "perplexity": 30,
        "learning_rate": "auto"
      },
      "visualise_tsne_umap": false,
      "umap_arguments": {
        "n_neighbors": 5,
        "min_dist": 0.1,
        "metric": "euclidean"
      },
      "post_pca_scale": true,
      "scalers": [
        "standard",
        "minmax"
      ]
    }
  },
  {
    "results": {
      "['ZZ']_kernel_2d": [
        0.7238805970149254,
        0.7068965517241379
      ],
      "['ZZ']_kernel_3d": [
        0.7761194029850746,
        0.7586206896551724
      ],
      "['ZZ']_kernel_4d": [
        0.9253731343283582,
        0.7758620689655172
      ],
      "['ZZ']_kernel_5d": [
        0.9850746268656716,
        0.896551724137931
      ],
      "['ZZ']_kernel_6d": [
        0.9850746268656716,
        0.9655172413793104
      ],
      "['ZZ']_kernel_7d": [
        0.9925373134328358,
        0.9827586206896551
      ]
    },
    "params": {
      "filename": "digits_2.csv",
      "dim_method": "umap",
      "minmax_val_list": [
        [
          0,
          1
        ],
        [
          0,
          1
        ]
      ],
      "n_dimensions": [
        2,
        7
      ],
      "save_dim_info": true,
      "tsne_arguments": {
        "n_iter": 500,
        "perplexity": 30,
        "learning_rate": "auto"
      },
      "visualise_tsne_umap": false,
      "umap_arguments": {
        "n_neighbors": 5,
        "min_dist": 0.1,
        "metric": "euclidean"
      },
      "post_pca_scale": true,
      "scalers": [
        "standard",
        "minmax"
      ],
      "feature_map_str": [
        "ZZ"
      ],
      "fm_arguments": {
        "reps": 2,
        "entanglement": "linear"
      },
      "save_circuit": false,
      "sampler_options": {
        "optimization_level": 3,
        "resilience_level": 0,
        "execution": {
          "shots": 1024,
          "seed": 27
        },
        "simulator": {
          "precision": "single"
        }
      },
      "fidelity_options": {
        "shots": 1024,
        "seed": 27
      },
      "simulator": true,
      "qiskit_api_token": null,
      "qiskit_channel": "ibm_quantum",
      "backend_override": null,
      "min_qubits": 2,
      "sample_size": null,
      "classify_original": false
    }
  },
  {
    "results": {
      "['Z']_kernel_2d": [
        0.835820895522388,
        0.8275862068965517
      ],
      "['Z']_kernel_3d": [
        0.9402985074626866,
        0.9310344827586207
      ],
      "['Z']_kernel_4d": [
        0.9552238805970149,
        0.9655172413793104
      ],
      "['Z']_kernel_5d": [
        0.9328358208955224,
        0.9310344827586207
      ],
      "['Z']_kernel_6d": [
        0.9552238805970149,
        0.9310344827586207
      ],
      "['Z']_kernel_7d": [
        0.9552238805970149,
        0.9482758620689655
      ]
    },
    "params": {
      "filename": "digits_2.csv",
      "dim_method": "umap",
      "minmax_val_list": [
        [
          0,
          1
        ],
        [
          0,
          1
        ]
      ],
      "n_dimensions": [
        2,
        7
      ],
      "save_dim_info": true,
      "tsne_arguments": {
        "n_iter": 500,
        "perplexity": 30,
        "learning_rate": "auto"
      },
      "visualise_tsne_umap": false,
      "umap_arguments": {
        "n_neighbors": 3,
        "min_dist": 0.1,
        "metric": "euclidean"
      },
      "post_pca_scale": true,
      "scalers": [
        "standard",
        "minmax"
      ],
      "feature_map_str": [
        "Z"
      ],
      "fm_arguments": {
        "reps": 2,
        "entanglement": "linear"
      },
      "save_circuit": false,
      "sampler_options": {
        "optimization_level": 3,
        "resilience_level": 0,
        "execution": {
          "shots": 1024,
          "seed": 27
        },
        "simulator": {
          "precision": "single"
        }
      },
      "fidelity_options": {
        "shots": 1024,
        "seed": 27
      },
      "simulator": true,
      "qiskit_api_token": null,
      "qiskit_channel": "ibm_quantum",
      "backend_override": null,
      "min_qubits": 2,
      "sample_size": null,
      "classify_original": false
    }
  },
  {
    "results": {
      "['Z', 'ZZ']_kernel_2d": [
        0.9925373134328358,
        0.7758620689655172
      ],
      "['Z', 'ZZ']_kernel_3d": [
        0.9776119402985075,
        0.8448275862068966
      ],
      "['Z', 'ZZ']_kernel_4d": [
        0.9850746268656716,
        0.8448275862068966
      ],
      "['Z', 'ZZ']_kernel_5d": [
        1.0,
        0.8275862068965517
      ],
      "['Z', 'ZZ']_kernel_6d": [
        0.9850746268656716,
        0.6379310344827587
      ],
      "['Z', 'ZZ']_kernel_7d": [
        1.0,
        0.5689655172413793
      ]
    },
    "params": {
      "filename": "digits_2.csv",
      "dim_method": "umap",
      "minmax_val_list": [
        [
          0,
          1
        ],
        [
          0,
          1
        ]
      ],
      "n_dimensions": [
        2,
        7
      ],
      "save_dim_info": true,
      "tsne_arguments": {
        "n_iter": 500,
        "perplexity": 30,
        "learning_rate": "auto"
      },
      "visualise_tsne_umap": false,
      "umap_arguments": {
        "n_neighbors": 45,
        "min_dist": 0.1,
        "metric": "euclidean"
      },
      "post_pca_scale": true,
      "scalers": [
        "standard",
        "minmax"
      ],
      "feature_map_str": [
        "Z",
        "ZZ"
      ],
      "fm_arguments": {
        "reps": 2,
        "entanglement": "linear"
      },
      "save_circuit": false,
      "sampler_options": {
        "optimization_level": 3,
        "resilience_level": 0,
        "execution": {
          "shots": 1024,
          "seed": 27
        },
        "simulator": {
          "precision": "single"
        }
      },
      "fidelity_options": {
        "shots": 1024,
        "seed": 27
      },
      "simulator": true,
      "qiskit_api_token": null,
      "qiskit_channel": "ibm_quantum",
      "backend_override": null,
      "min_qubits": 2,
      "sample_size": null,
      "classify_original": false
    }
  },
  {
    "results": {
      "X_rbf_2d": [
        0.9925373134328358,
        0.9482758620689655
      ],
      "X_rbf_3d": [
        0.9925373134328358,
        0.9655172413793104
      ],
      "X_rbf_4d": [
        0.9925373134328358,
        0.9827586206896551
      ],
      "X_rbf_5d": [
        0.9925373134328358,
        0.9827586206896551
      ],
      "X_rbf_6d": [
        0.9925373134328358,
        0.9655172413793104
      ],
      "X_rbf_7d": [
        0.9850746268656716,
        0.9827586206896551
      ]
    },
    "params": {
      "filename": "digits_2.csv",
      "dim_method": "umap",
      "classical_kernel": "rbf",
      "minmax_val_list": [
        [
          0,
          1
        ],
        [
          0,
          1
        ]
      ],
      "n_dimensions": [
        2,
        7
      ],
      "tsne_arguments": {
        "n_iter": 500,
        "perplexity": 30,
        "learning_rate": "auto"
      },
      "visualise_tsne_umap": false,
      "umap_arguments": {
        "n_neighbors": 10,
        "min_dist": 0.1,
        "metric": "euclidean"
      },
      "post_pca_scale": true,
      "scalers": [
        "standard",
        "minmax"
      ]
    }
  },
  {
    "results": {
      "['Y', 'YY']_kernel_2d": [
        0.5223880597014925,
        0.4482758620689655
      ],
      "['Y', 'YY']_kernel_3d": [
        0.6716417910447762,
        0.5517241379310345
      ],
      "['Y', 'YY']_kernel_4d": [
        0.8134328358208955,
        0.5689655172413793
      ],
      "['Y', 'YY']_kernel_5d": [
        0.9328358208955224,
        0.6724137931034483
      ],
      "['Y', 'YY']_kernel_6d": [
        0.9552238805970149,
        0.5344827586206896
      ],
      "['Y', 'YY']_kernel_7d": [
        0.9850746268656716,
        0.6379310344827587
      ]
    },
    "params": {
      "filename": "digits_2.csv",
      "dim_method": "umap",
      "minmax_val_list": [
        [
          0,
          1
        ],
        [
          0,
          1
        ]
      ],
      "n_dimensions": [
        2,
        7
      ],
      "save_dim_info": true,
      "tsne_arguments": {
        "n_iter": 500,
        "perplexity": 30,
        "learning_rate": "auto"
      },
      "visualise_tsne_umap": false,
      "umap_arguments": {
        "n_neighbors": 10,
        "min_dist": 0.1,
        "metric": "euclidean"
      },
      "post_pca_scale": true,
      "scalers": [
        "standard",
        "minmax"
      ],
      "feature_map_str": [
        "Y",
        "YY"
      ],
      "fm_arguments": {
        "reps": 2,
        "entanglement": "linear"
      },
      "save_circuit": false,
      "sampler_options": {
        "optimization_level": 3,
        "resilience_level": 0,
        "execution": {
          "shots": 1024,
          "seed": 27
        },
        "simulator": {
          "precision": "single"
        }
      },
      "fidelity_options": {
        "shots": 1024,
        "seed": 27
      },
      "simulator": true,
      "qiskit_api_token": null,
      "qiskit_channel": "ibm_quantum",
      "backend_override": null,
      "min_qubits": 2,
      "sample_size": null,
      "classify_original": false
    }
  },
  {
    "results": {
      "['Y', 'YY']_kernel_2d": [
        0.582089552238806,
        0.46551724137931033
      ],
      "['Y', 'YY']_kernel_3d": [
        0.6940298507462687,
        0.46551724137931033
      ],
      "['Y', 'YY']_kernel_4d": [
        0.7388059701492538,
        0.3793103448275862
      ],
      "['Y', 'YY']_kernel_5d": [
        0.8656716417910447,
        0.4827586206896552
      ],
      "['Y', 'YY']_kernel_6d": [
        0.9552238805970149,
        0.43103448275862066
      ],
      "['Y', 'YY']_kernel_7d": [
        0.9701492537313433,
        0.5689655172413793
      ]
    },
    "params": {
      "filename": "digits_2.csv",
      "dim_method": "umap",
      "minmax_val_list": [
        [
          0,
          1
        ],
        [
          0,
          1
        ]
      ],
      "n_dimensions": [
        2,
        7
      ],
      "save_dim_info": true,
      "tsne_arguments": {
        "n_iter": 500,
        "perplexity": 30,
        "learning_rate": "auto"
      },
      "visualise_tsne_umap": false,
      "umap_arguments": {
        "n_neighbors": 35,
        "min_dist": 0.1,
        "metric": "euclidean"
      },
      "post_pca_scale": true,
      "scalers": [
        "standard",
        "minmax"
      ],
      "feature_map_str": [
        "Y",
        "YY"
      ],
      "fm_arguments": {
        "reps": 2,
        "entanglement": "linear"
      },
      "save_circuit": false,
      "sampler_options": {
        "optimization_level": 3,
        "resilience_level": 0,
        "execution": {
          "shots": 1024,
          "seed": 27
        },
        "simulator": {
          "precision": "single"
        }
      },
      "fidelity_options": {
        "shots": 1024,
        "seed": 27
      },
      "simulator": true,
      "qiskit_api_token": null,
      "qiskit_channel": "ibm_quantum",
      "backend_override": null,
      "min_qubits": 2,
      "sample_size": null,
      "classify_original": false
    }
  },
  {
    "results": {
      "['Z']_kernel_2d": [
        0.9253731343283582,
        0.896551724137931
      ],
      "['Z']_kernel_3d": [
        0.9253731343283582,
        0.8793103448275862
      ],
      "['Z']_kernel_4d": [
        0.9253731343283582,
        0.896551724137931
      ],
      "['Z']_kernel_5d": [
        0.9477611940298507,
        0.896551724137931
      ],
      "['Z']_kernel_6d": [
        0.9552238805970149,
        0.9310344827586207
      ],
      "['Z']_kernel_7d": [
        1.0,
        0.9655172413793104
      ]
    },
    "params": {
      "filename": "digits_2.csv",
      "dim_method": "pca",
      "minmax_val_list": [
        [
          0,
          1
        ],
        [
          0,
          1
        ]
      ],
      "n_dimensions": [
        2,
        7
      ],
      "save_dim_info": true,
      "tsne_arguments": {
        "n_iter": 500,
        "perplexity": 30,
        "learning_rate": "auto"
      },
      "visualise_tsne_umap": false,
      "umap_arguments": {
        "n_neighbors": 3,
        "min_dist": 0.1,
        "metric": "euclidean"
      },
      "post_pca_scale": true,
      "scalers": [
        "standard",
        "minmax"
      ],
      "feature_map_str": [
        "Z"
      ],
      "fm_arguments": {
        "reps": 2,
        "entanglement": "linear"
      },
      "save_circuit": false,
      "sampler_options": {
        "optimization_level": 3,
        "resilience_level": 0,
        "execution": {
          "shots": 1024,
          "seed": 27
        },
        "simulator": {
          "precision": "single"
        }
      },
      "fidelity_options": {
        "shots": 1024,
        "seed": 27
      },
      "simulator": true,
      "qiskit_api_token": null,
      "qiskit_channel": "ibm_quantum",
      "backend_override": null,
      "min_qubits": 2,
      "sample_size": null,
      "classify_original": false
    }
  },
  {
    "results": {
      "['ZZ']_kernel_2d": [
        0.7388059701492538,
        0.5862068965517241
      ],
      "['ZZ']_kernel_3d": [
        0.6865671641791045,
        0.5517241379310345
      ],
      "['ZZ']_kernel_4d": [
        0.8731343283582089,
        0.7931034482758621
      ],
      "['ZZ']_kernel_5d": [
        0.9776119402985075,
        0.9137931034482759
      ],
      "['ZZ']_kernel_6d": [
        0.9925373134328358,
        0.8103448275862069
      ],
      "['ZZ']_kernel_7d": [
        0.9925373134328358,
        0.9137931034482759
      ]
    },
    "params": {
      "filename": "digits_2.csv",
      "dim_method": "umap",
      "minmax_val_list": [
        [
          0,
          1
        ],
        [
          0,
          1
        ]
      ],
      "n_dimensions": [
        2,
        7
      ],
      "save_dim_info": true,
      "tsne_arguments": {
        "n_iter": 500,
        "perplexity": 30,
        "learning_rate": "auto"
      },
      "visualise_tsne_umap": false,
      "umap_arguments": {
        "n_neighbors": 10,
        "min_dist": 0.1,
        "metric": "euclidean"
      },
      "post_pca_scale": true,
      "scalers": [
        "standard",
        "minmax"
      ],
      "feature_map_str": [
        "ZZ"
      ],
      "fm_arguments": {
        "reps": 2,
        "entanglement": "linear"
      },
      "save_circuit": false,
      "sampler_options": {
        "optimization_level": 3,
        "resilience_level": 0,
        "execution": {
          "shots": 1024,
          "seed": 27
        },
        "simulator": {
          "precision": "single"
        }
      },
      "fidelity_options": {
        "shots": 1024,
        "seed": 27
      },
      "simulator": true,
      "qiskit_api_token": null,
      "qiskit_channel": "ibm_quantum",
      "backend_override": null,
      "min_qubits": 2,
      "sample_size": null,
      "classify_original": false
    }
  },
  {
    "results": {
      "['Z', 'ZZ']_kernel_2d": [
        0.9104477611940298,
        0.896551724137931
      ],
      "['Z', 'ZZ']_kernel_3d": [
        0.9850746268656716,
        0.8620689655172413
      ],
      "['Z', 'ZZ']_kernel_4d": [
        0.9850746268656716,
        0.8103448275862069
      ],
      "['Z', 'ZZ']_kernel_5d": [
        1.0,
        0.6724137931034483
      ],
      "['Z', 'ZZ']_kernel_6d": [
        0.9925373134328358,
        0.6551724137931034
      ],
      "['Z', 'ZZ']_kernel_7d": [
        1.0,
        0.7931034482758621
      ]
    },
    "params": {
      "filename": "digits_2.csv",
      "dim_method": "umap",
      "minmax_val_list": [
        [
          0,
          1
        ],
        [
          0,
          1
        ]
      ],
      "n_dimensions": [
        2,
        7
      ],
      "save_dim_info": true,
      "tsne_arguments": {
        "n_iter": 500,
        "perplexity": 30,
        "learning_rate": "auto"
      },
      "visualise_tsne_umap": false,
      "umap_arguments": {
        "n_neighbors": 35,
        "min_dist": 0.1,
        "metric": "euclidean"
      },
      "post_pca_scale": true,
      "scalers": [
        "standard",
        "minmax"
      ],
      "feature_map_str": [
        "Z",
        "ZZ"
      ],
      "fm_arguments": {
        "reps": 2,
        "entanglement": "linear"
      },
      "save_circuit": false,
      "sampler_options": {
        "optimization_level": 3,
        "resilience_level": 0,
        "execution": {
          "shots": 1024,
          "seed": 27
        },
        "simulator": {
          "precision": "single"
        }
      },
      "fidelity_options": {
        "shots": 1024,
        "seed": 27
      },
      "simulator": true,
      "qiskit_api_token": null,
      "qiskit_channel": "ibm_quantum",
      "backend_override": null,
      "min_qubits": 2,
      "sample_size": null,
      "classify_original": false
    }
  },
  {
    "results": {
      "['Z', 'ZZ']_kernel_2d": [
        0.9477611940298507,
        0.9137931034482759
      ],
      "['Z', 'ZZ']_kernel_3d": [
        0.9776119402985075,
        0.9655172413793104
      ],
      "['Z', 'ZZ']_kernel_4d": [
        0.9850746268656716,
        0.9482758620689655
      ],
      "['Z', 'ZZ']_kernel_5d": [
        0.9850746268656716,
        0.9827586206896551
      ],
      "['Z', 'ZZ']_kernel_6d": [
        0.9850746268656716,
        0.9827586206896551
      ],
      "['Z', 'ZZ']_kernel_7d": [
        0.9925373134328358,
        0.9827586206896551
      ]
    },
    "params": {
      "filename": "digits_2.csv",
      "dim_method": "umap",
      "minmax_val_list": [
        [
          0,
          1
        ],
        [
          0,
          1
        ]
      ],
      "n_dimensions": [
        2,
        7
      ],
      "save_dim_info": true,
      "tsne_arguments": {
        "n_iter": 500,
        "perplexity": 30,
        "learning_rate": "auto"
      },
      "visualise_tsne_umap": false,
      "umap_arguments": {
        "n_neighbors": 5,
        "min_dist": 0.1,
        "metric": "euclidean"
      },
      "post_pca_scale": true,
      "scalers": [
        "standard",
        "minmax"
      ],
      "feature_map_str": [
        "Z",
        "ZZ"
      ],
      "fm_arguments": {
        "reps": 2,
        "entanglement": "linear"
      },
      "save_circuit": false,
      "sampler_options": {
        "optimization_level": 3,
        "resilience_level": 0,
        "execution": {
          "shots": 1024,
          "seed": 27
        },
        "simulator": {
          "precision": "single"
        }
      },
      "fidelity_options": {
        "shots": 1024,
        "seed": 27
      },
      "simulator": true,
      "qiskit_api_token": null,
      "qiskit_channel": "ibm_quantum",
      "backend_override": null,
      "min_qubits": 2,
      "sample_size": null,
      "classify_original": false
    }
  },
  {
    "results": {
      "X_rbf_2d": [
        0.9776119402985075,
        0.8620689655172413
      ],
      "X_rbf_3d": [
        0.9925373134328358,
        0.9137931034482759
      ],
      "X_rbf_4d": [
        0.9925373134328358,
        0.9482758620689655
      ],
      "X_rbf_5d": [
        1.0,
        0.9482758620689655
      ],
      "X_rbf_6d": [
        0.9925373134328358,
        1.0
      ],
      "X_rbf_7d": [
        0.9925373134328358,
        0.9827586206896551
      ]
    },
    "params": {
      "filename": "digits_2.csv",
      "dim_method": "umap",
      "classical_kernel": "rbf",
      "minmax_val_list": [
        [
          0,
          1
        ],
        [
          0,
          1
        ]
      ],
      "n_dimensions": [
        2,
        7
      ],
      "tsne_arguments": {
        "n_iter": 500,
        "perplexity": 30,
        "learning_rate": "auto"
      },
      "visualise_tsne_umap": false,
      "umap_arguments": {
        "n_neighbors": 45,
        "min_dist": 0.1,
        "metric": "euclidean"
      },
      "post_pca_scale": true,
      "scalers": [
        "standard",
        "minmax"
      ]
    }
  }
]