[
  {
    "results": {
      "['Z', 'ZZ']_kernel_2d": [
        0.8698315467075038,
        0.8718861209964412
      ],
      "['Z', 'ZZ']_kernel_3d": [
        0.9479326186830015,
        0.9395017793594306
      ],
      "['Z', 'ZZ']_kernel_4d": [
        0.9586523736600306,
        0.9644128113879004
      ],
      "['Z', 'ZZ']_kernel_5d": [
        0.9831546707503829,
        0.9857651245551602
      ]
    },
    "params": {
      "filename": "mushroom_934.csv",
      "dim_method": "umap",
      "minmax_val_list": [
        [
          0,
          1
        ],
        [
          0,
          1
        ]
      ],
      "n_dimensions": [
        2,
        5
      ],
      "save_dim_info": true,
      "tsne_arguments": {
        "n_iter": 500,
        "perplexity": 30,
        "learning_rate": "auto"
      },
      "visualise_tsne_umap": false,
      "umap_arguments": {
        "n_neighbors": 45,
        "min_dist": 0.1,
        "metric": "euclidean"
      },
      "post_pca_scale": true,
      "scalers": [
        "standard",
        "minmax"
      ],
      "feature_map_str": [
        "Z",
        "ZZ"
      ],
      "fm_arguments": {
        "reps": 2,
        "entanglement": "linear"
      },
      "save_circuit": false,
      "sampler_options": {
        "optimization_level": 3,
        "resilience_level": 0,
        "execution": {
          "shots": 1024,
          "seed": 27
        },
        "simulator": {
          "precision": "single"
        }
      },
      "fidelity_options": {
        "shots": 1024,
        "seed": 27
      },
      "simulator": true,
      "qiskit_api_token": null,
      "qiskit_channel": "ibm_quantum",
      "backend_override": null,
      "min_qubits": 2,
      "sample_size": null,
      "classify_original": false
    }
  },
  {
    "results": {
      "['Z', 'ZZ']_kernel_2d": [
        0.8744257274119449,
        0.8683274021352313
      ],
      "['Z', 'ZZ']_kernel_3d": [
        0.9586523736600306,
        0.9501779359430605
      ],
      "['Z', 'ZZ']_kernel_4d": [
        0.9586523736600306,
        0.9644128113879004
      ],
      "['Z', 'ZZ']_kernel_5d": [
        0.9739663093415007,
        0.9750889679715302
      ]
    },
    "params": {
      "filename": "mushroom_934.csv",
      "dim_method": "umap",
      "minmax_val_list": [
        [
          0,
          1
        ],
        [
          0,
          1
        ]
      ],
      "n_dimensions": [
        2,
        5
      ],
      "save_dim_info": true,
      "tsne_arguments": {
        "n_iter": 500,
        "perplexity": 30,
        "learning_rate": "auto"
      },
      "visualise_tsne_umap": false,
      "umap_arguments": {
        "n_neighbors": 35,
        "min_dist": 0.1,
        "metric": "euclidean"
      },
      "post_pca_scale": true,
      "scalers": [
        "standard",
        "minmax"
      ],
      "feature_map_str": [
        "Z",
        "ZZ"
      ],
      "fm_arguments": {
        "reps": 2,
        "entanglement": "linear"
      },
      "save_circuit": false,
      "sampler_options": {
        "optimization_level": 3,
        "resilience_level": 0,
        "execution": {
          "shots": 1024,
          "seed": 27
        },
        "simulator": {
          "precision": "single"
        }
      },
      "fidelity_options": {
        "shots": 1024,
        "seed": 27
      },
      "simulator": true,
      "qiskit_api_token": null,
      "qiskit_channel": "ibm_quantum",
      "backend_override": null,
      "min_qubits": 2,
      "sample_size": null,
      "classify_original": false
    }
  },
  {
    "results": {
      "X_rbf_2d": [
        0.9586523736600306,
        0.9644128113879004
      ],
      "X_rbf_3d": [
        0.9586523736600306,
        0.9644128113879004
      ],
      "X_rbf_4d": [
        0.9586523736600306,
        0.9644128113879004
      ],
      "X_rbf_5d": [
        0.9586523736600306,
        0.9644128113879004
      ]
    },
    "params": {
      "filename": "mushroom_934.csv",
      "dim_method": "umap",
      "classical_kernel": "rbf",
      "minmax_val_list": [
        [
          0,
          1
        ],
        [
          0,
          1
        ]
      ],
      "n_dimensions": [
        2,
        5
      ],
      "tsne_arguments": {
        "n_iter": 500,
        "perplexity": 30,
        "learning_rate": "auto"
      },
      "visualise_tsne_umap": false,
      "umap_arguments": {
        "n_neighbors": 25,
        "min_dist": 0.1,
        "metric": "euclidean"
      },
      "post_pca_scale": true,
      "scalers": [
        "standard",
        "minmax"
      ]
    }
  },
  {
    "results": {
      "X_rbf_2d": [
        0.9387442572741195,
        0.9323843416370107
      ],
      "X_rbf_3d": [
        0.9586523736600306,
        0.9644128113879004
      ],
      "X_rbf_4d": [
        0.9586523736600306,
        0.9644128113879004
      ],
      "X_rbf_5d": [
        0.9739663093415007,
        0.9750889679715302
      ]
    },
    "params": {
      "filename": "mushroom_934.csv",
      "dim_method": "umap",
      "classical_kernel": "rbf",
      "minmax_val_list": [
        [
          0,
          1
        ],
        [
          0,
          1
        ]
      ],
      "n_dimensions": [
        2,
        5
      ],
      "tsne_arguments": {
        "n_iter": 500,
        "perplexity": 30,
        "learning_rate": "auto"
      },
      "visualise_tsne_umap": false,
      "umap_arguments": {
        "n_neighbors": 10,
        "min_dist": 0.1,
        "metric": "euclidean"
      },
      "post_pca_scale": true,
      "scalers": [
        "standard",
        "minmax"
      ]
    }
  },
  {
    "results": {
      "X_rbf_2d": [
        0.9586523736600306,
        0.9644128113879004
      ],
      "X_rbf_3d": [
        0.9586523736600306,
        0.9644128113879004
      ],
      "X_rbf_4d": [
        0.9509954058192955,
        0.9430604982206405
      ],
      "X_rbf_5d": [
        0.9586523736600306,
        0.9644128113879004
      ]
    },
    "params": {
      "filename": "mushroom_934.csv",
      "dim_method": "umap",
      "classical_kernel": "rbf",
      "minmax_val_list": [
        [
          0,
          1
        ],
        [
          0,
          1
        ]
      ],
      "n_dimensions": [
        2,
        5
      ],
      "tsne_arguments": {
        "n_iter": 500,
        "perplexity": 30,
        "learning_rate": "auto"
      },
      "visualise_tsne_umap": false,
      "umap_arguments": {
        "n_neighbors": 35,
        "min_dist": 0.1,
        "metric": "euclidean"
      },
      "post_pca_scale": true,
      "scalers": [
        "standard",
        "minmax"
      ]
    }
  },
  {
    "results": {
      "['Z', 'ZZ']_kernel_2d": [
        0.9586523736600306,
        0.9644128113879004
      ],
      "['Z', 'ZZ']_kernel_3d": [
        0.9586523736600306,
        0.9644128113879004
      ],
      "['Z', 'ZZ']_kernel_4d": [
        0.9831546707503829,
        0.9857651245551602
      ],
      "['Z', 'ZZ']_kernel_5d": [
        0.9816232771822359,
        0.9679715302491103
      ]
    },
    "params": {
      "filename": "mushroom_934.csv",
      "dim_method": "umap",
      "minmax_val_list": [
        [
          0,
          1
        ],
        [
          0,
          1
        ]
      ],
      "n_dimensions": [
        2,
        5
      ],
      "save_dim_info": true,
      "tsne_arguments": {
        "n_iter": 500,
        "perplexity": 30,
        "learning_rate": "auto"
      },
      "visualise_tsne_umap": false,
      "umap_arguments": {
        "n_neighbors": 25,
        "min_dist": 0.1,
        "metric": "euclidean"
      },
      "post_pca_scale": true,
      "scalers": [
        "standard",
        "minmax"
      ],
      "feature_map_str": [
        "Z",
        "ZZ"
      ],
      "fm_arguments": {
        "reps": 2,
        "entanglement": "linear"
      },
      "save_circuit": false,
      "sampler_options": {
        "optimization_level": 3,
        "resilience_level": 0,
        "execution": {
          "shots": 1024,
          "seed": 27
        },
        "simulator": {
          "precision": "single"
        }
      },
      "fidelity_options": {
        "shots": 1024,
        "seed": 27
      },
      "simulator": true,
      "qiskit_api_token": null,
      "qiskit_channel": "ibm_quantum",
      "backend_override": null,
      "min_qubits": 2,
      "sample_size": null,
      "classify_original": false
    }
  },
  {
    "results": {
      "['Z']_kernel_2d": [
        0.8698315467075038,
        0.8647686832740213
      ],
      "['Z']_kernel_3d": [
        0.9479326186830015,
        0.9359430604982206
      ],
      "['Z']_kernel_4d": [
        0.8728943338437979,
        0.8754448398576512
      ],
      "['Z']_kernel_5d": [
        0.9586523736600306,
        0.9572953736654805
      ]
    },
    "params": {
      "filename": "mushroom_934.csv",
      "dim_method": "umap",
      "minmax_val_list": [
        [
          0,
          1
        ],
        [
          0,
          1
        ]
      ],
      "n_dimensions": [
        2,
        5
      ],
      "save_dim_info": true,
      "tsne_arguments": {
        "n_iter": 500,
        "perplexity": 30,
        "learning_rate": "auto"
      },
      "visualise_tsne_umap": false,
      "umap_arguments": {
        "n_neighbors": 45,
        "min_dist": 0.1,
        "metric": "euclidean"
      },
      "post_pca_scale": true,
      "scalers": [
        "standard",
        "minmax"
      ],
      "feature_map_str": [
        "Z"
      ],
      "fm_arguments": {
        "reps": 2,
        "entanglement": "linear"
      },
      "save_circuit": false,
      "sampler_options": {
        "optimization_level": 3,
        "resilience_level": 0,
        "execution": {
          "shots": 1024,
          "seed": 27
        },
        "simulator": {
          "precision": "single"
        }
      },
      "fidelity_options": {
        "shots": 1024,
        "seed": 27
      },
      "simulator": true,
      "qiskit_api_token": null,
      "qiskit_channel": "ibm_quantum",
      "backend_override": null,
      "min_qubits": 2,
      "sample_size": null,
      "classify_original": false
    }
  },
  {
    "results": {
      "['Z', 'ZZ']_kernel_2d": [
        0.9356814701378254,
        0.9110320284697508
      ],
      "['Z', 'ZZ']_kernel_3d": [
        0.9754977029096478,
        0.9715302491103203
      ],
      "['Z', 'ZZ']_kernel_4d": [
        0.9831546707503829,
        0.9857651245551602
      ],
      "['Z', 'ZZ']_kernel_5d": [
        0.9739663093415007,
        0.9750889679715302
      ]
    },
    "params": {
      "filename": "mushroom_934.csv",
      "dim_method": "umap",
      "minmax_val_list": [
        [
          0,
          1
        ],
        [
          0,
          1
        ]
      ],
      "n_dimensions": [
        2,
        5
      ],
      "save_dim_info": true,
      "tsne_arguments": {
        "n_iter": 500,
        "perplexity": 30,
        "learning_rate": "auto"
      },
      "visualise_tsne_umap": false,
      "umap_arguments": {
        "n_neighbors": 10,
        "min_dist": 0.1,
        "metric": "euclidean"
      },
      "post_pca_scale": true,
      "scalers": [
        "standard",
        "minmax"
      ],
      "feature_map_str": [
        "Z",
        "ZZ"
      ],
      "fm_arguments": {
        "reps": 2,
        "entanglement": "linear"
      },
      "save_circuit": false,
      "sampler_options": {
        "optimization_level": 3,
        "resilience_level": 0,
        "execution": {
          "shots": 1024,
          "seed": 27
        },
        "simulator": {
          "precision": "single"
        }
      },
      "fidelity_options": {
        "shots": 1024,
        "seed": 27
      },
      "simulator": true,
      "qiskit_api_token": null,
      "qiskit_channel": "ibm_quantum",
      "backend_override": null,
      "min_qubits": 2,
      "sample_size": null,
      "classify_original": false
    }
  },
  {
    "results": {
      "['Z']_kernel_2d": [
        0.8943338437978561,
        0.896797153024911
      ],
      "['Z']_kernel_3d": [
        0.9096477794793262,
        0.9217081850533808
      ],
      "['Z']_kernel_4d": [
        0.9586523736600306,
        0.9644128113879004
      ],
      "['Z']_kernel_5d": [
        0.9586523736600306,
        0.9644128113879004
      ]
    },
    "params": {
      "filename": "mushroom_934.csv",
      "dim_method": "umap",
      "minmax_val_list": [
        [
          0,
          1
        ],
        [
          0,
          1
        ]
      ],
      "n_dimensions": [
        2,
        5
      ],
      "save_dim_info": true,
      "tsne_arguments": {
        "n_iter": 500,
        "perplexity": 30,
        "learning_rate": "auto"
      },
      "visualise_tsne_umap": false,
      "umap_arguments": {
        "n_neighbors": 5,
        "min_dist": 0.1,
        "metric": "euclidean"
      },
      "post_pca_scale": true,
      "scalers": [
        "standard",
        "minmax"
      ],
      "feature_map_str": [
        "Z"
      ],
      "fm_arguments": {
        "reps": 2,
        "entanglement": "linear"
      },
      "save_circuit": false,
      "sampler_options": {
        "optimization_level": 3,
        "resilience_level": 0,
        "execution": {
          "shots": 1024,
          "seed": 27
        },
        "simulator": {
          "precision": "single"
        }
      },
      "fidelity_options": {
        "shots": 1024,
        "seed": 27
      },
      "simulator": true,
      "qiskit_api_token": null,
      "qiskit_channel": "ibm_quantum",
      "backend_override": null,
      "min_qubits": 2,
      "sample_size": null,
      "classify_original": false
    }
  },
  {
    "results": {
      "X_rbf_2d": [
        0.9387442572741195,
        0.9323843416370107
      ],
      "X_rbf_3d": [
        0.9586523736600306,
        0.9644128113879004
      ],
      "X_rbf_4d": [
        0.9724349157733537,
        0.9750889679715302
      ],
      "X_rbf_5d": [
        0.9586523736600306,
        0.9644128113879004
      ]
    },
    "params": {
      "filename": "mushroom_934.csv",
      "dim_method": "umap",
      "classical_kernel": "rbf",
      "minmax_val_list": [
        [
          0,
          1
        ],
        [
          0,
          1
        ]
      ],
      "n_dimensions": [
        2,
        5
      ],
      "tsne_arguments": {
        "n_iter": 500,
        "perplexity": 30,
        "learning_rate": "auto"
      },
      "visualise_tsne_umap": false,
      "umap_arguments": {
        "n_neighbors": 5,
        "min_dist": 0.1,
        "metric": "euclidean"
      },
      "post_pca_scale": true,
      "scalers": [
        "standard",
        "minmax"
      ]
    }
  },
  {
    "results": {
      "['Z']_kernel_2d": [
        0.886676875957121,
        0.8505338078291815
      ],
      "['Z']_kernel_3d": [
        0.9188361408882083,
        0.900355871886121
      ],
      "['Z']_kernel_4d": [
        0.9448698315467075,
        0.9572953736654805
      ],
      "['Z']_kernel_5d": [
        0.9525267993874426,
        0.9572953736654805
      ]
    },
    "params": {
      "filename": "mushroom_934.csv",
      "dim_method": "pca",
      "minmax_val_list": [
        [
          0,
          1
        ],
        [
          0,
          1
        ]
      ],
      "n_dimensions": [
        2,
        5
      ],
      "save_dim_info": true,
      "tsne_arguments": {
        "n_iter": 500,
        "perplexity": 30,
        "learning_rate": "auto"
      },
      "visualise_tsne_umap": false,
      "umap_arguments": {
        "n_neighbors": 3,
        "min_dist": 0.1,
        "metric": "euclidean"
      },
      "post_pca_scale": true,
      "scalers": [
        "standard",
        "minmax"
      ],
      "feature_map_str": [
        "Z"
      ],
      "fm_arguments": {
        "reps": 2,
        "entanglement": "linear"
      },
      "save_circuit": false,
      "sampler_options": {
        "optimization_level": 3,
        "resilience_level": 0,
        "execution": {
          "shots": 1024,
          "seed": 27
        },
        "simulator": {
          "precision": "single"
        }
      },
      "fidelity_options": {
        "shots": 1024,
        "seed": 27
      },
      "simulator": true,
      "qiskit_api_token": null,
      "qiskit_channel": "ibm_quantum",
      "backend_override": null,
      "min_qubits": 2,
      "sample_size": null,
      "classify_original": false
    }
  },
  {
    "results": {
      "['Z', 'ZZ']_kernel_2d": [
        0.9065849923430321,
        0.896797153024911
      ],
      "['Z', 'ZZ']_kernel_3d": [
        0.9693721286370597,
        0.9537366548042705
      ],
      "['Z', 'ZZ']_kernel_4d": [
        0.9724349157733537,
        0.9750889679715302
      ],
      "['Z', 'ZZ']_kernel_5d": [
        0.9800918836140888,
        0.9857651245551602
      ]
    },
    "params": {
      "filename": "mushroom_934.csv",
      "dim_method": "umap",
      "minmax_val_list": [
        [
          0,
          1
        ],
        [
          0,
          1
        ]
      ],
      "n_dimensions": [
        2,
        5
      ],
      "save_dim_info": true,
      "tsne_arguments": {
        "n_iter": 500,
        "perplexity": 30,
        "learning_rate": "auto"
      },
      "visualise_tsne_umap": false,
      "umap_arguments": {
        "n_neighbors": 5,
        "min_dist": 0.1,
        "metric": "euclidean"
      },
      "post_pca_scale": true,
      "scalers": [
        "standard",
        "minmax"
      ],
      "feature_map_str": [
        "Z",
        "ZZ"
      ],
      "fm_arguments": {
        "reps": 2,
        "entanglement": "linear"
      },
      "save_circuit": false,
      "sampler_options": {
        "optimization_level": 3,
        "resilience_level": 0,
        "execution": {
          "shots": 1024,
          "seed": 27
        },
        "simulator": {
          "precision": "single"
        }
      },
      "fidelity_options": {
        "shots": 1024,
        "seed": 27
      },
      "simulator": true,
      "qiskit_api_token": null,
      "qiskit_channel": "ibm_quantum",
      "backend_override": null,
      "min_qubits": 2,
      "sample_size": null,
      "classify_original": false
    }
  },
  {
    "results": {
      "X_rbf_2d": [
        0.885145482388974,
        0.8718861209964412
      ],
      "X_rbf_3d": [
        0.9494640122511485,
        0.9288256227758007
      ],
      "X_rbf_4d": [
        0.9785604900459418,
        0.9679715302491103
      ],
      "X_rbf_5d": [
        0.9724349157733537,
        0.9750889679715302
      ]
    },
    "params": {
      "filename": "mushroom_934.csv",
      "dim_method": "pca",
      "classical_kernel": "rbf",
      "minmax_val_list": [
        [
          0,
          1
        ],
        [
          0,
          1
        ]
      ],
      "n_dimensions": [
        2,
        5
      ],
      "tsne_arguments": {
        "n_iter": 500,
        "perplexity": 30,
        "learning_rate": "auto"
      },
      "visualise_tsne_umap": false,
      "umap_arguments": {
        "n_neighbors": 3,
        "min_dist": 0.1,
        "metric": "euclidean"
      },
      "post_pca_scale": true,
      "scalers": [
        "standard",
        "minmax"
      ]
    }
  },
  {
    "results": {
      "X_rbf_2d": [
        0.7672281776416539,
        0.7224199288256228
      ],
      "X_rbf_3d": [
        0.8958652373660031,
        0.9145907473309609
      ],
      "X_rbf_4d": [
        0.9326186830015314,
        0.9288256227758007
      ],
      "X_rbf_5d": [
        0.9770290964777948,
        0.9750889679715302
      ]
    },
    "params": {
      "filename": "mushroom_934.csv",
      "dim_method": "umap",
      "classical_kernel": "rbf",
      "minmax_val_list": [
        [
          0,
          1
        ],
        [
          0,
          1
        ]
      ],
      "n_dimensions": [
        2,
        5
      ],
      "tsne_arguments": {
        "n_iter": 500,
        "perplexity": 30,
        "learning_rate": "auto"
      },
      "visualise_tsne_umap": false,
      "umap_arguments": {
        "n_neighbors": 3,
        "min_dist": 0.1,
        "metric": "euclidean"
      },
      "post_pca_scale": true,
      "scalers": [
        "standard",
        "minmax"
      ]
    }
  },
  {
    "results": {
      "['Z']_kernel_2d": [
        0.9586523736600306,
        0.9644128113879004
      ],
      "['Z']_kernel_3d": [
        0.9586523736600306,
        0.9644128113879004
      ],
      "['Z']_kernel_4d": [
        0.9586523736600306,
        0.9644128113879004
      ],
      "['Z']_kernel_5d": [
        0.9586523736600306,
        0.9644128113879004
      ]
    },
    "params": {
      "filename": "mushroom_934.csv",
      "dim_method": "umap",
      "minmax_val_list": [
        [
          0,
          1
        ],
        [
          0,
          1
        ]
      ],
      "n_dimensions": [
        2,
        5
      ],
      "save_dim_info": true,
      "tsne_arguments": {
        "n_iter": 500,
        "perplexity": 30,
        "learning_rate": "auto"
      },
      "visualise_tsne_umap": false,
      "umap_arguments": {
        "n_neighbors": 25,
        "min_dist": 0.1,
        "metric": "euclidean"
      },
      "post_pca_scale": true,
      "scalers": [
        "standard",
        "minmax"
      ],
      "feature_map_str": [
        "Z"
      ],
      "fm_arguments": {
        "reps": 2,
        "entanglement": "linear"
      },
      "save_circuit": false,
      "sampler_options": {
        "optimization_level": 3,
        "resilience_level": 0,
        "execution": {
          "shots": 1024,
          "seed": 27
        },
        "simulator": {
          "precision": "single"
        }
      },
      "fidelity_options": {
        "shots": 1024,
        "seed": 27
      },
      "simulator": true,
      "qiskit_api_token": null,
      "qiskit_channel": "ibm_quantum",
      "backend_override": null,
      "min_qubits": 2,
      "sample_size": null,
      "classify_original": false
    }
  },
  {
    "results": {
      "['Z', 'ZZ']_kernel_2d": [
        0.8683001531393568,
        0.8327402135231317
      ],
      "['Z', 'ZZ']_kernel_3d": [
        0.9509954058192955,
        0.9217081850533808
      ],
      "['Z', 'ZZ']_kernel_4d": [
        0.9816232771822359,
        0.9608540925266904
      ],
      "['Z', 'ZZ']_kernel_5d": [
        0.9831546707503829,
        0.9644128113879004
      ]
    },
    "params": {
      "filename": "mushroom_934.csv",
      "dim_method": "pca",
      "minmax_val_list": [
        [
          0,
          1
        ],
        [
          0,
          1
        ]
      ],
      "n_dimensions": [
        2,
        5
      ],
      "save_dim_info": true,
      "tsne_arguments": {
        "n_iter": 500,
        "perplexity": 30,
        "learning_rate": "auto"
      },
      "visualise_tsne_umap": false,
      "umap_arguments": {
        "n_neighbors": 3,
        "min_dist": 0.1,
        "metric": "euclidean"
      },
      "post_pca_scale": true,
      "scalers": [
        "standard",
        "minmax"
      ],
      "feature_map_str": [
        "Z",
        "ZZ"
      ],
      "fm_arguments": {
        "reps": 2,
        "entanglement": "linear"
      },
      "save_circuit": false,
      "sampler_options": {
        "optimization_level": 3,
        "resilience_level": 0,
        "execution": {
          "shots": 1024,
          "seed": 27
        },
        "simulator": {
          "precision": "single"
        }
      },
      "fidelity_options": {
        "shots": 1024,
        "seed": 27
      },
      "simulator": true,
      "qiskit_api_token": null,
      "qiskit_channel": "ibm_quantum",
      "backend_override": null,
      "min_qubits": 2,
      "sample_size": null,
      "classify_original": false
    }
  },
  {
    "results": {
      "['Z']_kernel_2d": [
        0.9387442572741195,
        0.9288256227758007
      ],
      "['Z']_kernel_3d": [
        0.9586523736600306,
        0.9608540925266904
      ],
      "['Z']_kernel_4d": [
        0.9555895865237366,
        0.9644128113879004
      ],
      "['Z']_kernel_5d": [
        0.9831546707503829,
        0.9822064056939501
      ]
    },
    "params": {
      "filename": "mushroom_934.csv",
      "dim_method": "umap",
      "minmax_val_list": [
        [
          0,
          1
        ],
        [
          0,
          1
        ]
      ],
      "n_dimensions": [
        2,
        5
      ],
      "save_dim_info": true,
      "tsne_arguments": {
        "n_iter": 500,
        "perplexity": 30,
        "learning_rate": "auto"
      },
      "visualise_tsne_umap": false,
      "umap_arguments": {
        "n_neighbors": 10,
        "min_dist": 0.1,
        "metric": "euclidean"
      },
      "post_pca_scale": true,
      "scalers": [
        "standard",
        "minmax"
      ],
      "feature_map_str": [
        "Z"
      ],
      "fm_arguments": {
        "reps": 2,
        "entanglement": "linear"
      },
      "save_circuit": false,
      "sampler_options": {
        "optimization_level": 3,
        "resilience_level": 0,
        "execution": {
          "shots": 1024,
          "seed": 27
        },
        "simulator": {
          "precision": "single"
        }
      },
      "fidelity_options": {
        "shots": 1024,
        "seed": 27
      },
      "simulator": true,
      "qiskit_api_token": null,
      "qiskit_channel": "ibm_quantum",
      "backend_override": null,
      "min_qubits": 2,
      "sample_size": null,
      "classify_original": false
    }
  },
  {
    "results": {
      "['Z']_kernel_2d": [
        0.7090352220520674,
        0.6441281138790036
      ],
      "['Z']_kernel_3d": [
        0.7993874425727412,
        0.7758007117437722
      ],
      "['Z']_kernel_4d": [
        0.8254211332312404,
        0.8149466192170819
      ],
      "['Z']_kernel_5d": [
        0.888208269525268,
        0.8647686832740213
      ]
    },
    "params": {
      "filename": "mushroom_934.csv",
      "dim_method": "umap",
      "minmax_val_list": [
        [
          0,
          1
        ],
        [
          0,
          1
        ]
      ],
      "n_dimensions": [
        2,
        5
      ],
      "save_dim_info": true,
      "tsne_arguments": {
        "n_iter": 500,
        "perplexity": 30,
        "learning_rate": "auto"
      },
      "visualise_tsne_umap": false,
      "umap_arguments": {
        "n_neighbors": 3,
        "min_dist": 0.1,
        "metric": "euclidean"
      },
      "post_pca_scale": true,
      "scalers": [
        "standard",
        "minmax"
      ],
      "feature_map_str": [
        "Z"
      ],
      "fm_arguments": {
        "reps": 2,
        "entanglement": "linear"
      },
      "save_circuit": false,
      "sampler_options": {
        "optimization_level": 3,
        "resilience_level": 0,
        "execution": {
          "shots": 1024,
          "seed": 27
        },
        "simulator": {
          "precision": "single"
        }
      },
      "fidelity_options": {
        "shots": 1024,
        "seed": 27
      },
      "simulator": true,
      "qiskit_api_token": null,
      "qiskit_channel": "ibm_quantum",
      "backend_override": null,
      "min_qubits": 2,
      "sample_size": null,
      "classify_original": false
    }
  },
  {
    "results": {
      "['Z']_kernel_2d": [
        0.8698315467075038,
        0.8647686832740213
      ],
      "['Z']_kernel_3d": [
        0.9586523736600306,
        0.9608540925266904
      ],
      "['Z']_kernel_4d": [
        0.9448698315467075,
        0.9323843416370107
      ],
      "['Z']_kernel_5d": [
        0.9586523736600306,
        0.9644128113879004
      ]
    },
    "params": {
      "filename": "mushroom_934.csv",
      "dim_method": "umap",
      "minmax_val_list": [
        [
          0,
          1
        ],
        [
          0,
          1
        ]
      ],
      "n_dimensions": [
        2,
        5
      ],
      "save_dim_info": true,
      "tsne_arguments": {
        "n_iter": 500,
        "perplexity": 30,
        "learning_rate": "auto"
      },
      "visualise_tsne_umap": false,
      "umap_arguments": {
        "n_neighbors": 35,
        "min_dist": 0.1,
        "metric": "euclidean"
      },
      "post_pca_scale": true,
      "scalers": [
        "standard",
        "minmax"
      ],
      "feature_map_str": [
        "Z"
      ],
      "fm_arguments": {
        "reps": 2,
        "entanglement": "linear"
      },
      "save_circuit": false,
      "sampler_options": {
        "optimization_level": 3,
        "resilience_level": 0,
        "execution": {
          "shots": 1024,
          "seed": 27
        },
        "simulator": {
          "precision": "single"
        }
      },
      "fidelity_options": {
        "shots": 1024,
        "seed": 27
      },
      "simulator": true,
      "qiskit_api_token": null,
      "qiskit_channel": "ibm_quantum",
      "backend_override": null,
      "min_qubits": 2,
      "sample_size": null,
      "classify_original": false
    }
  },
  {
    "results": {
      "['Z', 'ZZ']_kernel_2d": [
        0.7519142419601837,
        0.708185053380783
      ],
      "['Z', 'ZZ']_kernel_3d": [
        0.9310872894333844,
        0.9252669039145908
      ],
      "['Z', 'ZZ']_kernel_4d": [
        0.9632465543644717,
        0.9501779359430605
      ],
      "['Z', 'ZZ']_kernel_5d": [
        0.9892802450229708,
        0.9928825622775801
      ]
    },
    "params": {
      "filename": "mushroom_934.csv",
      "dim_method": "umap",
      "minmax_val_list": [
        [
          0,
          1
        ],
        [
          0,
          1
        ]
      ],
      "n_dimensions": [
        2,
        5
      ],
      "save_dim_info": true,
      "tsne_arguments": {
        "n_iter": 500,
        "perplexity": 30,
        "learning_rate": "auto"
      },
      "visualise_tsne_umap": false,
      "umap_arguments": {
        "n_neighbors": 3,
        "min_dist": 0.1,
        "metric": "euclidean"
      },
      "post_pca_scale": true,
      "scalers": [
        "standard",
        "minmax"
      ],
      "feature_map_str": [
        "Z",
        "ZZ"
      ],
      "fm_arguments": {
        "reps": 2,
        "entanglement": "linear"
      },
      "save_circuit": false,
      "sampler_options": {
        "optimization_level": 3,
        "resilience_level": 0,
        "execution": {
          "shots": 1024,
          "seed": 27
        },
        "simulator": {
          "precision": "single"
        }
      },
      "fidelity_options": {
        "shots": 1024,
        "seed": 27
      },
      "simulator": true,
      "qiskit_api_token": null,
      "qiskit_channel": "ibm_quantum",
      "backend_override": null,
      "min_qubits": 2,
      "sample_size": null,
      "classify_original": false
    }
  },
  {
    "results": {
      "X_rbf_2d": [
        0.9586523736600306,
        0.9430604982206405
      ],
      "X_rbf_3d": [
        0.9494640122511485,
        0.9395017793594306
      ],
      "X_rbf_4d": [
        0.9494640122511485,
        0.9395017793594306
      ],
      "X_rbf_5d": [
        0.9586523736600306,
        0.9501779359430605
      ]
    },
    "params": {
      "filename": "mushroom_934.csv",
      "dim_method": "umap",
      "classical_kernel": "rbf",
      "minmax_val_list": [
        [
          0,
          1
        ],
        [
          0,
          1
        ]
      ],
      "n_dimensions": [
        2,
        5
      ],
      "tsne_arguments": {
        "n_iter": 500,
        "perplexity": 30,
        "learning_rate": "auto"
      },
      "visualise_tsne_umap": false,
      "umap_arguments": {
        "n_neighbors": 45,
        "min_dist": 0.1,
        "metric": "euclidean"
      },
      "post_pca_scale": true,
      "scalers": [
        "standard",
        "minmax"
      ]
    }
  }
]