[
  {
    "results": {
      "['ZZ']_kernel_2d": [
        0.7476635514018691,
        0.8085106382978723
      ],
      "['ZZ']_kernel_3d": [
        0.897196261682243,
        0.851063829787234
      ],
      "['ZZ']_kernel_4d": [
        0.9719626168224299,
        0.9361702127659575
      ],
      "['ZZ']_kernel_5d": [
        0.9719626168224299,
        0.9574468085106383
      ],
      "['ZZ']_kernel_6d": [
        0.9439252336448598,
        0.9361702127659575
      ],
      "['ZZ']_kernel_7d": [
        0.9719626168224299,
        0.9361702127659575
      ]
    },
    "params": {
      "filename": "mushroom.csv",
      "dim_method": "umap",
      "minmax_val_list": [
        [
          0,
          1
        ],
        [
          0,
          1
        ]
      ],
      "n_dimensions": [
        2,
        7
      ],
      "save_dim_info": true,
      "tsne_arguments": {
        "n_iter": 500,
        "perplexity": 30,
        "learning_rate": "auto"
      },
      "visualise_tsne_umap": false,
      "umap_arguments": {
        "n_neighbors": 10,
        "min_dist": 0.1,
        "metric": "euclidean"
      },
      "post_pca_scale": true,
      "scalers": [
        "standard",
        "minmax"
      ],
      "feature_map_str": [
        "ZZ"
      ],
      "fm_arguments": {
        "reps": 2,
        "entanglement": "linear"
      },
      "save_circuit": false,
      "sampler_options": {
        "optimization_level": 3,
        "resilience_level": 0,
        "execution": {
          "shots": 1024,
          "seed": 27
        },
        "simulator": {
          "precision": "single"
        }
      },
      "fidelity_options": {
        "shots": 1024,
        "seed": 27
      },
      "simulator": true,
      "qiskit_api_token": null,
      "qiskit_channel": "ibm_quantum",
      "backend_override": null,
      "min_qubits": 2,
      "sample_size": null,
      "classify_original": false
    }
  },
  {
    "results": {
      "['ZZ']_kernel_2d": [
        0.7570093457943925,
        0.46808510638297873
      ],
      "['ZZ']_kernel_3d": [
        0.719626168224299,
        0.723404255319149
      ],
      "['ZZ']_kernel_4d": [
        0.9065420560747663,
        0.9148936170212766
      ],
      "['ZZ']_kernel_5d": [
        0.9345794392523364,
        0.8297872340425532
      ],
      "['ZZ']_kernel_6d": [
        0.9719626168224299,
        0.9361702127659575
      ],
      "['ZZ']_kernel_7d": [
        0.9719626168224299,
        0.9361702127659575
      ]
    },
    "params": {
      "filename": "mushroom.csv",
      "dim_method": "umap",
      "minmax_val_list": [
        [
          0,
          1
        ],
        [
          0,
          1
        ]
      ],
      "n_dimensions": [
        2,
        7
      ],
      "save_dim_info": true,
      "tsne_arguments": {
        "n_iter": 500,
        "perplexity": 30,
        "learning_rate": "auto"
      },
      "visualise_tsne_umap": false,
      "umap_arguments": {
        "n_neighbors": 25,
        "min_dist": 0.1,
        "metric": "euclidean"
      },
      "post_pca_scale": true,
      "scalers": [
        "standard",
        "minmax"
      ],
      "feature_map_str": [
        "ZZ"
      ],
      "fm_arguments": {
        "reps": 2,
        "entanglement": "linear"
      },
      "save_circuit": false,
      "sampler_options": {
        "optimization_level": 3,
        "resilience_level": 0,
        "execution": {
          "shots": 1024,
          "seed": 27
        },
        "simulator": {
          "precision": "single"
        }
      },
      "fidelity_options": {
        "shots": 1024,
        "seed": 27
      },
      "simulator": true,
      "qiskit_api_token": null,
      "qiskit_channel": "ibm_quantum",
      "backend_override": null,
      "min_qubits": 2,
      "sample_size": null,
      "classify_original": false
    }
  },
  {
    "results": {
      "['Z', 'ZZ']_kernel_2d": [
        0.897196261682243,
        0.851063829787234
      ],
      "['Z', 'ZZ']_kernel_3d": [
        0.9439252336448598,
        0.851063829787234
      ],
      "['Z', 'ZZ']_kernel_4d": [
        0.9252336448598131,
        0.9148936170212766
      ],
      "['Z', 'ZZ']_kernel_5d": [
        0.9719626168224299,
        0.8723404255319149
      ],
      "['Z', 'ZZ']_kernel_6d": [
        0.9719626168224299,
        0.9361702127659575
      ],
      "['Z', 'ZZ']_kernel_7d": [
        0.9719626168224299,
        0.9787234042553191
      ]
    },
    "params": {
      "filename": "mushroom.csv",
      "dim_method": "umap",
      "minmax_val_list": [
        [
          0,
          1
        ],
        [
          0,
          1
        ]
      ],
      "n_dimensions": [
        2,
        7
      ],
      "save_dim_info": true,
      "tsne_arguments": {
        "n_iter": 500,
        "perplexity": 30,
        "learning_rate": "auto"
      },
      "visualise_tsne_umap": false,
      "umap_arguments": {
        "n_neighbors": 25,
        "min_dist": 0.1,
        "metric": "euclidean"
      },
      "post_pca_scale": true,
      "scalers": [
        "standard",
        "minmax"
      ],
      "feature_map_str": [
        "Z",
        "ZZ"
      ],
      "fm_arguments": {
        "reps": 2,
        "entanglement": "linear"
      },
      "save_circuit": false,
      "sampler_options": {
        "optimization_level": 3,
        "resilience_level": 0,
        "execution": {
          "shots": 1024,
          "seed": 27
        },
        "simulator": {
          "precision": "single"
        }
      },
      "fidelity_options": {
        "shots": 1024,
        "seed": 27
      },
      "simulator": true,
      "qiskit_api_token": null,
      "qiskit_channel": "ibm_quantum",
      "backend_override": null,
      "min_qubits": 2,
      "sample_size": null,
      "classify_original": false
    }
  },
  {
    "results": {
      "X_rbf_2d": [
        0.897196261682243,
        0.7659574468085106
      ],
      "X_rbf_3d": [
        0.8037383177570093,
        0.7659574468085106
      ],
      "X_rbf_4d": [
        0.9065420560747663,
        0.8936170212765957
      ],
      "X_rbf_5d": [
        0.8037383177570093,
        0.7659574468085106
      ],
      "X_rbf_6d": [
        0.8878504672897196,
        0.8723404255319149
      ],
      "X_rbf_7d": [
        0.8878504672897196,
        0.851063829787234
      ]
    },
    "params": {
      "filename": "mushroom.csv",
      "dim_method": "umap",
      "classical_kernel": "rbf",
      "minmax_val_list": [
        [
          0,
          1
        ],
        [
          0,
          1
        ]
      ],
      "n_dimensions": [
        2,
        7
      ],
      "tsne_arguments": {
        "n_iter": 500,
        "perplexity": 30,
        "learning_rate": "auto"
      },
      "visualise_tsne_umap": false,
      "umap_arguments": {
        "n_neighbors": 35,
        "min_dist": 0.1,
        "metric": "euclidean"
      },
      "post_pca_scale": true,
      "scalers": [
        "standard",
        "minmax"
      ]
    }
  },
  {
    "results": {
      "['ZZ']_kernel_2d": [
        0.8878504672897196,
        0.7872340425531915
      ],
      "['ZZ']_kernel_3d": [
        0.8878504672897196,
        0.8723404255319149
      ],
      "['ZZ']_kernel_4d": [
        0.9252336448598131,
        0.7872340425531915
      ],
      "['ZZ']_kernel_5d": [
        0.9719626168224299,
        0.7872340425531915
      ],
      "['ZZ']_kernel_6d": [
        0.9439252336448598,
        0.8936170212765957
      ],
      "['ZZ']_kernel_7d": [
        0.9719626168224299,
        0.8723404255319149
      ]
    },
    "params": {
      "filename": "mushroom.csv",
      "dim_method": "umap",
      "minmax_val_list": [
        [
          0,
          1
        ],
        [
          0,
          1
        ]
      ],
      "n_dimensions": [
        2,
        7
      ],
      "save_dim_info": true,
      "tsne_arguments": {
        "n_iter": 500,
        "perplexity": 30,
        "learning_rate": "auto"
      },
      "visualise_tsne_umap": false,
      "umap_arguments": {
        "n_neighbors": 45,
        "min_dist": 0.1,
        "metric": "euclidean"
      },
      "post_pca_scale": true,
      "scalers": [
        "standard",
        "minmax"
      ],
      "feature_map_str": [
        "ZZ"
      ],
      "fm_arguments": {
        "reps": 2,
        "entanglement": "linear"
      },
      "save_circuit": false,
      "sampler_options": {
        "optimization_level": 3,
        "resilience_level": 0,
        "execution": {
          "shots": 1024,
          "seed": 27
        },
        "simulator": {
          "precision": "single"
        }
      },
      "fidelity_options": {
        "shots": 1024,
        "seed": 27
      },
      "simulator": true,
      "qiskit_api_token": null,
      "qiskit_channel": "ibm_quantum",
      "backend_override": null,
      "min_qubits": 2,
      "sample_size": null,
      "classify_original": false
    }
  },
  {
    "results": {
      "['Z', 'ZZ']_kernel_2d": [
        0.8785046728971962,
        0.7659574468085106
      ],
      "['Z', 'ZZ']_kernel_3d": [
        0.9345794392523364,
        0.8723404255319149
      ],
      "['Z', 'ZZ']_kernel_4d": [
        0.9626168224299065,
        0.9574468085106383
      ],
      "['Z', 'ZZ']_kernel_5d": [
        0.9719626168224299,
        0.9574468085106383
      ],
      "['Z', 'ZZ']_kernel_6d": [
        0.9906542056074766,
        0.9361702127659575
      ],
      "['Z', 'ZZ']_kernel_7d": [
        1.0,
        0.851063829787234
      ]
    },
    "params": {
      "filename": "mushroom.csv",
      "dim_method": "pca",
      "minmax_val_list": [
        [
          0,
          1
        ],
        [
          0,
          1
        ]
      ],
      "n_dimensions": [
        2,
        7
      ],
      "save_dim_info": true,
      "tsne_arguments": {
        "n_iter": 500,
        "perplexity": 30,
        "learning_rate": "auto"
      },
      "visualise_tsne_umap": false,
      "umap_arguments": {
        "n_neighbors": 3,
        "min_dist": 0.1,
        "metric": "euclidean"
      },
      "post_pca_scale": true,
      "scalers": [
        "standard",
        "minmax"
      ],
      "feature_map_str": [
        "Z",
        "ZZ"
      ],
      "fm_arguments": {
        "reps": 2,
        "entanglement": "linear"
      },
      "save_circuit": false,
      "sampler_options": {
        "optimization_level": 3,
        "resilience_level": 0,
        "execution": {
          "shots": 1024,
          "seed": 27
        },
        "simulator": {
          "precision": "single"
        }
      },
      "fidelity_options": {
        "shots": 1024,
        "seed": 27
      },
      "simulator": true,
      "qiskit_api_token": null,
      "qiskit_channel": "ibm_quantum",
      "backend_override": null,
      "min_qubits": 2,
      "sample_size": null,
      "classify_original": false
    }
  },
  {
    "results": {
      "['ZZ']_kernel_2d": [
        0.5794392523364486,
        0.5106382978723404
      ],
      "['ZZ']_kernel_3d": [
        0.897196261682243,
        0.8297872340425532
      ],
      "['ZZ']_kernel_4d": [
        0.9719626168224299,
        0.9574468085106383
      ],
      "['ZZ']_kernel_5d": [
        0.9719626168224299,
        0.9574468085106383
      ],
      "['ZZ']_kernel_6d": [
        0.9719626168224299,
        0.9574468085106383
      ],
      "['ZZ']_kernel_7d": [
        0.9719626168224299,
        0.9574468085106383
      ]
    },
    "params": {
      "filename": "mushroom.csv",
      "dim_method": "umap",
      "minmax_val_list": [
        [
          0,
          1
        ],
        [
          0,
          1
        ]
      ],
      "n_dimensions": [
        2,
        7
      ],
      "save_dim_info": true,
      "tsne_arguments": {
        "n_iter": 500,
        "perplexity": 30,
        "learning_rate": "auto"
      },
      "visualise_tsne_umap": false,
      "umap_arguments": {
        "n_neighbors": 5,
        "min_dist": 0.1,
        "metric": "euclidean"
      },
      "post_pca_scale": true,
      "scalers": [
        "standard",
        "minmax"
      ],
      "feature_map_str": [
        "ZZ"
      ],
      "fm_arguments": {
        "reps": 2,
        "entanglement": "linear"
      },
      "save_circuit": false,
      "sampler_options": {
        "optimization_level": 3,
        "resilience_level": 0,
        "execution": {
          "shots": 1024,
          "seed": 27
        },
        "simulator": {
          "precision": "single"
        }
      },
      "fidelity_options": {
        "shots": 1024,
        "seed": 27
      },
      "simulator": true,
      "qiskit_api_token": null,
      "qiskit_channel": "ibm_quantum",
      "backend_override": null,
      "min_qubits": 2,
      "sample_size": null,
      "classify_original": false
    }
  },
  {
    "results": {
      "['ZZ']_kernel_2d": [
        0.6448598130841121,
        0.425531914893617
      ],
      "['ZZ']_kernel_3d": [
        0.8878504672897196,
        0.8085106382978723
      ],
      "['ZZ']_kernel_4d": [
        0.9158878504672897,
        0.9361702127659575
      ],
      "['ZZ']_kernel_5d": [
        0.9719626168224299,
        0.8297872340425532
      ],
      "['ZZ']_kernel_6d": [
        0.9719626168224299,
        0.8936170212765957
      ],
      "['ZZ']_kernel_7d": [
        0.9719626168224299,
        0.8723404255319149
      ]
    },
    "params": {
      "filename": "mushroom.csv",
      "dim_method": "umap",
      "minmax_val_list": [
        [
          0,
          1
        ],
        [
          0,
          1
        ]
      ],
      "n_dimensions": [
        2,
        7
      ],
      "save_dim_info": true,
      "tsne_arguments": {
        "n_iter": 500,
        "perplexity": 30,
        "learning_rate": "auto"
      },
      "visualise_tsne_umap": false,
      "umap_arguments": {
        "n_neighbors": 35,
        "min_dist": 0.1,
        "metric": "euclidean"
      },
      "post_pca_scale": true,
      "scalers": [
        "standard",
        "minmax"
      ],
      "feature_map_str": [
        "ZZ"
      ],
      "fm_arguments": {
        "reps": 2,
        "entanglement": "linear"
      },
      "save_circuit": false,
      "sampler_options": {
        "optimization_level": 3,
        "resilience_level": 0,
        "execution": {
          "shots": 1024,
          "seed": 27
        },
        "simulator": {
          "precision": "single"
        }
      },
      "fidelity_options": {
        "shots": 1024,
        "seed": 27
      },
      "simulator": true,
      "qiskit_api_token": null,
      "qiskit_channel": "ibm_quantum",
      "backend_override": null,
      "min_qubits": 2,
      "sample_size": null,
      "classify_original": false
    }
  },
  {
    "results": {
      "['Z']_kernel_2d": [
        0.9158878504672897,
        0.8297872340425532
      ],
      "['Z']_kernel_3d": [
        0.8785046728971962,
        0.851063829787234
      ],
      "['Z']_kernel_4d": [
        0.897196261682243,
        0.851063829787234
      ],
      "['Z']_kernel_5d": [
        0.897196261682243,
        0.851063829787234
      ],
      "['Z']_kernel_6d": [
        0.9345794392523364,
        0.9148936170212766
      ],
      "['Z']_kernel_7d": [
        0.9439252336448598,
        0.9148936170212766
      ]
    },
    "params": {
      "filename": "mushroom.csv",
      "dim_method": "umap",
      "minmax_val_list": [
        [
          0,
          1
        ],
        [
          0,
          1
        ]
      ],
      "n_dimensions": [
        2,
        7
      ],
      "save_dim_info": true,
      "tsne_arguments": {
        "n_iter": 500,
        "perplexity": 30,
        "learning_rate": "auto"
      },
      "visualise_tsne_umap": false,
      "umap_arguments": {
        "n_neighbors": 3,
        "min_dist": 0.1,
        "metric": "euclidean"
      },
      "post_pca_scale": true,
      "scalers": [
        "standard",
        "minmax"
      ],
      "feature_map_str": [
        "Z"
      ],
      "fm_arguments": {
        "reps": 2,
        "entanglement": "linear"
      },
      "save_circuit": false,
      "sampler_options": {
        "optimization_level": 3,
        "resilience_level": 0,
        "execution": {
          "shots": 1024,
          "seed": 27
        },
        "simulator": {
          "precision": "single"
        }
      },
      "fidelity_options": {
        "shots": 1024,
        "seed": 27
      },
      "simulator": true,
      "qiskit_api_token": null,
      "qiskit_channel": "ibm_quantum",
      "backend_override": null,
      "min_qubits": 2,
      "sample_size": null,
      "classify_original": false
    }
  },
  {
    "results": {
      "['Z']_kernel_2d": [
        0.8037383177570093,
        0.7659574468085106
      ],
      "['Z']_kernel_3d": [
        0.8037383177570093,
        0.7446808510638298
      ],
      "['Z']_kernel_4d": [
        0.9252336448598131,
        0.8723404255319149
      ],
      "['Z']_kernel_5d": [
        0.9626168224299065,
        0.9361702127659575
      ],
      "['Z']_kernel_6d": [
        0.9345794392523364,
        0.8723404255319149
      ],
      "['Z']_kernel_7d": [
        0.9532710280373832,
        0.851063829787234
      ]
    },
    "params": {
      "filename": "mushroom.csv",
      "dim_method": "pca",
      "minmax_val_list": [
        [
          0,
          1
        ],
        [
          0,
          1
        ]
      ],
      "n_dimensions": [
        2,
        7
      ],
      "save_dim_info": true,
      "tsne_arguments": {
        "n_iter": 500,
        "perplexity": 30,
        "learning_rate": "auto"
      },
      "visualise_tsne_umap": false,
      "umap_arguments": {
        "n_neighbors": 3,
        "min_dist": 0.1,
        "metric": "euclidean"
      },
      "post_pca_scale": true,
      "scalers": [
        "standard",
        "minmax"
      ],
      "feature_map_str": [
        "Z"
      ],
      "fm_arguments": {
        "reps": 2,
        "entanglement": "linear"
      },
      "save_circuit": false,
      "sampler_options": {
        "optimization_level": 3,
        "resilience_level": 0,
        "execution": {
          "shots": 1024,
          "seed": 27
        },
        "simulator": {
          "precision": "single"
        }
      },
      "fidelity_options": {
        "shots": 1024,
        "seed": 27
      },
      "simulator": true,
      "qiskit_api_token": null,
      "qiskit_channel": "ibm_quantum",
      "backend_override": null,
      "min_qubits": 2,
      "sample_size": null,
      "classify_original": false
    }
  },
  {
    "results": {
      "X_rbf_2d": [
        0.8878504672897196,
        0.851063829787234
      ],
      "X_rbf_3d": [
        0.897196261682243,
        0.851063829787234
      ],
      "X_rbf_4d": [
        0.8037383177570093,
        0.7659574468085106
      ],
      "X_rbf_5d": [
        0.8878504672897196,
        0.851063829787234
      ],
      "X_rbf_6d": [
        0.897196261682243,
        0.851063829787234
      ],
      "X_rbf_7d": [
        0.8878504672897196,
        0.851063829787234
      ]
    },
    "params": {
      "filename": "mushroom.csv",
      "dim_method": "umap",
      "classical_kernel": "rbf",
      "minmax_val_list": [
        [
          0,
          1
        ],
        [
          0,
          1
        ]
      ],
      "n_dimensions": [
        2,
        7
      ],
      "tsne_arguments": {
        "n_iter": 500,
        "perplexity": 30,
        "learning_rate": "auto"
      },
      "visualise_tsne_umap": false,
      "umap_arguments": {
        "n_neighbors": 25,
        "min_dist": 0.1,
        "metric": "euclidean"
      },
      "post_pca_scale": true,
      "scalers": [
        "standard",
        "minmax"
      ]
    }
  },
  {
    "results": {
      "['Z', 'ZZ']_kernel_2d": [
        0.8878504672897196,
        0.851063829787234
      ],
      "['Z', 'ZZ']_kernel_3d": [
        0.9439252336448598,
        0.8085106382978723
      ],
      "['Z', 'ZZ']_kernel_4d": [
        0.9345794392523364,
        0.9148936170212766
      ],
      "['Z', 'ZZ']_kernel_5d": [
        0.9813084112149533,
        0.8936170212765957
      ],
      "['Z', 'ZZ']_kernel_6d": [
        0.9813084112149533,
        0.9361702127659575
      ],
      "['Z', 'ZZ']_kernel_7d": [
        0.9719626168224299,
        0.8723404255319149
      ]
    },
    "params": {
      "filename": "mushroom.csv",
      "dim_method": "umap",
      "minmax_val_list": [
        [
          0,
          1
        ],
        [
          0,
          1
        ]
      ],
      "n_dimensions": [
        2,
        7
      ],
      "save_dim_info": true,
      "tsne_arguments": {
        "n_iter": 500,
        "perplexity": 30,
        "learning_rate": "auto"
      },
      "visualise_tsne_umap": false,
      "umap_arguments": {
        "n_neighbors": 45,
        "min_dist": 0.1,
        "metric": "euclidean"
      },
      "post_pca_scale": true,
      "scalers": [
        "standard",
        "minmax"
      ],
      "feature_map_str": [
        "Z",
        "ZZ"
      ],
      "fm_arguments": {
        "reps": 2,
        "entanglement": "linear"
      },
      "save_circuit": false,
      "sampler_options": {
        "optimization_level": 3,
        "resilience_level": 0,
        "execution": {
          "shots": 1024,
          "seed": 27
        },
        "simulator": {
          "precision": "single"
        }
      },
      "fidelity_options": {
        "shots": 1024,
        "seed": 27
      },
      "simulator": true,
      "qiskit_api_token": null,
      "qiskit_channel": "ibm_quantum",
      "backend_override": null,
      "min_qubits": 2,
      "sample_size": null,
      "classify_original": false
    }
  },
  {
    "results": {
      "['ZZ']_kernel_2d": [
        0.7476635514018691,
        0.6595744680851063
      ],
      "['ZZ']_kernel_3d": [
        0.8878504672897196,
        0.8297872340425532
      ],
      "['ZZ']_kernel_4d": [
        0.9439252336448598,
        0.9574468085106383
      ],
      "['ZZ']_kernel_5d": [
        0.9813084112149533,
        0.9361702127659575
      ],
      "['ZZ']_kernel_6d": [
        1.0,
        0.9574468085106383
      ],
      "['ZZ']_kernel_7d": [
        1.0,
        0.9361702127659575
      ]
    },
    "params": {
      "filename": "mushroom.csv",
      "dim_method": "pca",
      "minmax_val_list": [
        [
          0,
          1
        ],
        [
          0,
          1
        ]
      ],
      "n_dimensions": [
        2,
        7
      ],
      "save_dim_info": true,
      "tsne_arguments": {
        "n_iter": 500,
        "perplexity": 30,
        "learning_rate": "auto"
      },
      "visualise_tsne_umap": false,
      "umap_arguments": {
        "n_neighbors": 3,
        "min_dist": 0.1,
        "metric": "euclidean"
      },
      "post_pca_scale": true,
      "scalers": [
        "standard",
        "minmax"
      ],
      "feature_map_str": [
        "ZZ"
      ],
      "fm_arguments": {
        "reps": 2,
        "entanglement": "linear"
      },
      "save_circuit": false,
      "sampler_options": {
        "optimization_level": 3,
        "resilience_level": 0,
        "execution": {
          "shots": 1024,
          "seed": 27
        },
        "simulator": {
          "precision": "single"
        }
      },
      "fidelity_options": {
        "shots": 1024,
        "seed": 27
      },
      "simulator": true,
      "qiskit_api_token": null,
      "qiskit_channel": "ibm_quantum",
      "backend_override": null,
      "min_qubits": 2,
      "sample_size": null,
      "classify_original": false
    }
  },
  {
    "results": {
      "['Z']_kernel_2d": [
        0.897196261682243,
        0.8723404255319149
      ],
      "['Z']_kernel_3d": [
        0.897196261682243,
        0.8723404255319149
      ],
      "['Z']_kernel_4d": [
        0.897196261682243,
        0.8723404255319149
      ],
      "['Z']_kernel_5d": [
        0.897196261682243,
        0.8723404255319149
      ],
      "['Z']_kernel_6d": [
        0.897196261682243,
        0.8723404255319149
      ],
      "['Z']_kernel_7d": [
        0.897196261682243,
        0.8723404255319149
      ]
    },
    "params": {
      "filename": "mushroom.csv",
      "dim_method": "umap",
      "minmax_val_list": [
        [
          0,
          1
        ],
        [
          0,
          1
        ]
      ],
      "n_dimensions": [
        2,
        7
      ],
      "save_dim_info": true,
      "tsne_arguments": {
        "n_iter": 500,
        "perplexity": 30,
        "learning_rate": "auto"
      },
      "visualise_tsne_umap": false,
      "umap_arguments": {
        "n_neighbors": 10,
        "min_dist": 0.1,
        "metric": "euclidean"
      },
      "post_pca_scale": true,
      "scalers": [
        "standard",
        "minmax"
      ],
      "feature_map_str": [
        "Z"
      ],
      "fm_arguments": {
        "reps": 2,
        "entanglement": "linear"
      },
      "save_circuit": false,
      "sampler_options": {
        "optimization_level": 3,
        "resilience_level": 0,
        "execution": {
          "shots": 1024,
          "seed": 27
        },
        "simulator": {
          "precision": "single"
        }
      },
      "fidelity_options": {
        "shots": 1024,
        "seed": 27
      },
      "simulator": true,
      "qiskit_api_token": null,
      "qiskit_channel": "ibm_quantum",
      "backend_override": null,
      "min_qubits": 2,
      "sample_size": null,
      "classify_original": false
    }
  },
  {
    "results": {
      "['Z']_kernel_2d": [
        0.8037383177570093,
        0.7659574468085106
      ],
      "['Z']_kernel_3d": [
        0.8878504672897196,
        0.851063829787234
      ],
      "['Z']_kernel_4d": [
        0.8037383177570093,
        0.7659574468085106
      ],
      "['Z']_kernel_5d": [
        0.8878504672897196,
        0.851063829787234
      ],
      "['Z']_kernel_6d": [
        0.897196261682243,
        0.851063829787234
      ],
      "['Z']_kernel_7d": [
        0.8878504672897196,
        0.851063829787234
      ]
    },
    "params": {
      "filename": "mushroom.csv",
      "dim_method": "umap",
      "minmax_val_list": [
        [
          0,
          1
        ],
        [
          0,
          1
        ]
      ],
      "n_dimensions": [
        2,
        7
      ],
      "save_dim_info": true,
      "tsne_arguments": {
        "n_iter": 500,
        "perplexity": 30,
        "learning_rate": "auto"
      },
      "visualise_tsne_umap": false,
      "umap_arguments": {
        "n_neighbors": 25,
        "min_dist": 0.1,
        "metric": "euclidean"
      },
      "post_pca_scale": true,
      "scalers": [
        "standard",
        "minmax"
      ],
      "feature_map_str": [
        "Z"
      ],
      "fm_arguments": {
        "reps": 2,
        "entanglement": "linear"
      },
      "save_circuit": false,
      "sampler_options": {
        "optimization_level": 3,
        "resilience_level": 0,
        "execution": {
          "shots": 1024,
          "seed": 27
        },
        "simulator": {
          "precision": "single"
        }
      },
      "fidelity_options": {
        "shots": 1024,
        "seed": 27
      },
      "simulator": true,
      "qiskit_api_token": null,
      "qiskit_channel": "ibm_quantum",
      "backend_override": null,
      "min_qubits": 2,
      "sample_size": null,
      "classify_original": false
    }
  },
  {
    "results": {
      "X_rbf_2d": [
        0.897196261682243,
        0.851063829787234
      ],
      "X_rbf_3d": [
        0.9439252336448598,
        0.8723404255319149
      ],
      "X_rbf_4d": [
        0.897196261682243,
        0.851063829787234
      ],
      "X_rbf_5d": [
        0.897196261682243,
        0.851063829787234
      ],
      "X_rbf_6d": [
        0.9345794392523364,
        0.9361702127659575
      ],
      "X_rbf_7d": [
        0.9345794392523364,
        0.9361702127659575
      ]
    },
    "params": {
      "filename": "mushroom.csv",
      "dim_method": "umap",
      "classical_kernel": "rbf",
      "minmax_val_list": [
        [
          0,
          1
        ],
        [
          0,
          1
        ]
      ],
      "n_dimensions": [
        2,
        7
      ],
      "tsne_arguments": {
        "n_iter": 500,
        "perplexity": 30,
        "learning_rate": "auto"
      },
      "visualise_tsne_umap": false,
      "umap_arguments": {
        "n_neighbors": 3,
        "min_dist": 0.1,
        "metric": "euclidean"
      },
      "post_pca_scale": true,
      "scalers": [
        "standard",
        "minmax"
      ]
    }
  },
  {
    "results": {
      "['Z', 'ZZ']_kernel_2d": [
        0.8598130841121495,
        0.8297872340425532
      ],
      "['Z', 'ZZ']_kernel_3d": [
        0.9719626168224299,
        0.9574468085106383
      ],
      "['Z', 'ZZ']_kernel_4d": [
        0.9345794392523364,
        0.9361702127659575
      ],
      "['Z', 'ZZ']_kernel_5d": [
        0.9626168224299065,
        0.9361702127659575
      ],
      "['Z', 'ZZ']_kernel_6d": [
        0.9719626168224299,
        0.9574468085106383
      ],
      "['Z', 'ZZ']_kernel_7d": [
        0.9626168224299065,
        0.9361702127659575
      ]
    },
    "params": {
      "filename": "mushroom.csv",
      "dim_method": "umap",
      "minmax_val_list": [
        [
          0,
          1
        ],
        [
          0,
          1
        ]
      ],
      "n_dimensions": [
        2,
        7
      ],
      "save_dim_info": true,
      "tsne_arguments": {
        "n_iter": 500,
        "perplexity": 30,
        "learning_rate": "auto"
      },
      "visualise_tsne_umap": false,
      "umap_arguments": {
        "n_neighbors": 3,
        "min_dist": 0.1,
        "metric": "euclidean"
      },
      "post_pca_scale": true,
      "scalers": [
        "standard",
        "minmax"
      ],
      "feature_map_str": [
        "Z",
        "ZZ"
      ],
      "fm_arguments": {
        "reps": 2,
        "entanglement": "linear"
      },
      "save_circuit": false,
      "sampler_options": {
        "optimization_level": 3,
        "resilience_level": 0,
        "execution": {
          "shots": 1024,
          "seed": 27
        },
        "simulator": {
          "precision": "single"
        }
      },
      "fidelity_options": {
        "shots": 1024,
        "seed": 27
      },
      "simulator": true,
      "qiskit_api_token": null,
      "qiskit_channel": "ibm_quantum",
      "backend_override": null,
      "min_qubits": 2,
      "sample_size": null,
      "classify_original": false
    }
  },
  {
    "results": {
      "['Y', 'YY']_kernel_2d": [
        0.5887850467289719,
        0.7872340425531915
      ],
      "['Y', 'YY']_kernel_3d": [
        0.897196261682243,
        0.7021276595744681
      ],
      "['Y', 'YY']_kernel_4d": [
        0.8691588785046729,
        0.6595744680851063
      ],
      "['Y', 'YY']_kernel_5d": [
        0.9813084112149533,
        0.723404255319149
      ],
      "['Y', 'YY']_kernel_6d": [
        0.9813084112149533,
        0.8085106382978723
      ],
      "['Y', 'YY']_kernel_7d": [
        0.9719626168224299,
        0.723404255319149
      ]
    },
    "params": {
      "filename": "mushroom.csv",
      "dim_method": "umap",
      "minmax_val_list": [
        [
          0,
          1
        ],
        [
          0,
          1
        ]
      ],
      "n_dimensions": [
        2,
        7
      ],
      "save_dim_info": true,
      "tsne_arguments": {
        "n_iter": 500,
        "perplexity": 30,
        "learning_rate": "auto"
      },
      "visualise_tsne_umap": false,
      "umap_arguments": {
        "n_neighbors": 35,
        "min_dist": 0.1,
        "metric": "euclidean"
      },
      "post_pca_scale": true,
      "scalers": [
        "standard",
        "minmax"
      ],
      "feature_map_str": [
        "Y",
        "YY"
      ],
      "fm_arguments": {
        "reps": 2,
        "entanglement": "linear"
      },
      "save_circuit": false,
      "sampler_options": {
        "optimization_level": 3,
        "resilience_level": 0,
        "execution": {
          "shots": 1024,
          "seed": 27
        },
        "simulator": {
          "precision": "single"
        }
      },
      "fidelity_options": {
        "shots": 1024,
        "seed": 27
      },
      "simulator": true,
      "qiskit_api_token": null,
      "qiskit_channel": "ibm_quantum",
      "backend_override": null,
      "min_qubits": 2,
      "sample_size": null,
      "classify_original": false
    }
  },
  {
    "results": {
      "['Y', 'YY']_kernel_2d": [
        0.6448598130841121,
        0.6382978723404256
      ],
      "['Y', 'YY']_kernel_3d": [
        0.9719626168224299,
        0.9148936170212766
      ],
      "['Y', 'YY']_kernel_4d": [
        0.9719626168224299,
        0.9361702127659575
      ],
      "['Y', 'YY']_kernel_5d": [
        0.9439252336448598,
        0.9148936170212766
      ],
      "['Y', 'YY']_kernel_6d": [
        0.9719626168224299,
        0.9574468085106383
      ],
      "['Y', 'YY']_kernel_7d": [
        0.9626168224299065,
        0.851063829787234
      ]
    },
    "params": {
      "filename": "mushroom.csv",
      "dim_method": "umap",
      "minmax_val_list": [
        [
          0,
          1
        ],
        [
          0,
          1
        ]
      ],
      "n_dimensions": [
        2,
        7
      ],
      "save_dim_info": true,
      "tsne_arguments": {
        "n_iter": 500,
        "perplexity": 30,
        "learning_rate": "auto"
      },
      "visualise_tsne_umap": false,
      "umap_arguments": {
        "n_neighbors": 10,
        "min_dist": 0.1,
        "metric": "euclidean"
      },
      "post_pca_scale": true,
      "scalers": [
        "standard",
        "minmax"
      ],
      "feature_map_str": [
        "Y",
        "YY"
      ],
      "fm_arguments": {
        "reps": 2,
        "entanglement": "linear"
      },
      "save_circuit": false,
      "sampler_options": {
        "optimization_level": 3,
        "resilience_level": 0,
        "execution": {
          "shots": 1024,
          "seed": 27
        },
        "simulator": {
          "precision": "single"
        }
      },
      "fidelity_options": {
        "shots": 1024,
        "seed": 27
      },
      "simulator": true,
      "qiskit_api_token": null,
      "qiskit_channel": "ibm_quantum",
      "backend_override": null,
      "min_qubits": 2,
      "sample_size": null,
      "classify_original": false
    }
  },
  {
    "results": {
      "['ZZ']_kernel_2d": [
        0.8411214953271028,
        0.8297872340425532
      ],
      "['ZZ']_kernel_3d": [
        0.9252336448598131,
        0.8723404255319149
      ],
      "['ZZ']_kernel_4d": [
        0.9345794392523364,
        0.9361702127659575
      ],
      "['ZZ']_kernel_5d": [
        0.9626168224299065,
        0.9361702127659575
      ],
      "['ZZ']_kernel_6d": [
        0.9532710280373832,
        0.9574468085106383
      ],
      "['ZZ']_kernel_7d": [
        0.9345794392523364,
        0.9361702127659575
      ]
    },
    "params": {
      "filename": "mushroom.csv",
      "dim_method": "umap",
      "minmax_val_list": [
        [
          0,
          1
        ],
        [
          0,
          1
        ]
      ],
      "n_dimensions": [
        2,
        7
      ],
      "save_dim_info": true,
      "tsne_arguments": {
        "n_iter": 500,
        "perplexity": 30,
        "learning_rate": "auto"
      },
      "visualise_tsne_umap": false,
      "umap_arguments": {
        "n_neighbors": 3,
        "min_dist": 0.1,
        "metric": "euclidean"
      },
      "post_pca_scale": true,
      "scalers": [
        "standard",
        "minmax"
      ],
      "feature_map_str": [
        "ZZ"
      ],
      "fm_arguments": {
        "reps": 2,
        "entanglement": "linear"
      },
      "save_circuit": false,
      "sampler_options": {
        "optimization_level": 3,
        "resilience_level": 0,
        "execution": {
          "shots": 1024,
          "seed": 27
        },
        "simulator": {
          "precision": "single"
        }
      },
      "fidelity_options": {
        "shots": 1024,
        "seed": 27
      },
      "simulator": true,
      "qiskit_api_token": null,
      "qiskit_channel": "ibm_quantum",
      "backend_override": null,
      "min_qubits": 2,
      "sample_size": null,
      "classify_original": false
    }
  },
  {
    "results": {
      "['Y', 'YY']_kernel_2d": [
        0.6915887850467289,
        0.44680851063829785
      ],
      "['Y', 'YY']_kernel_3d": [
        0.719626168224299,
        0.5531914893617021
      ],
      "['Y', 'YY']_kernel_4d": [
        0.9252336448598131,
        0.6595744680851063
      ],
      "['Y', 'YY']_kernel_5d": [
        0.8317757009345794,
        0.574468085106383
      ],
      "['Y', 'YY']_kernel_6d": [
        0.9719626168224299,
        0.6808510638297872
      ],
      "['Y', 'YY']_kernel_7d": [
        0.9906542056074766,
        0.7446808510638298
      ]
    },
    "params": {
      "filename": "mushroom.csv",
      "dim_method": "umap",
      "minmax_val_list": [
        [
          0,
          1
        ],
        [
          0,
          1
        ]
      ],
      "n_dimensions": [
        2,
        7
      ],
      "save_dim_info": true,
      "tsne_arguments": {
        "n_iter": 500,
        "perplexity": 30,
        "learning_rate": "auto"
      },
      "visualise_tsne_umap": false,
      "umap_arguments": {
        "n_neighbors": 45,
        "min_dist": 0.1,
        "metric": "euclidean"
      },
      "post_pca_scale": true,
      "scalers": [
        "standard",
        "minmax"
      ],
      "feature_map_str": [
        "Y",
        "YY"
      ],
      "fm_arguments": {
        "reps": 2,
        "entanglement": "linear"
      },
      "save_circuit": false,
      "sampler_options": {
        "optimization_level": 3,
        "resilience_level": 0,
        "execution": {
          "shots": 1024,
          "seed": 27
        },
        "simulator": {
          "precision": "single"
        }
      },
      "fidelity_options": {
        "shots": 1024,
        "seed": 27
      },
      "simulator": true,
      "qiskit_api_token": null,
      "qiskit_channel": "ibm_quantum",
      "backend_override": null,
      "min_qubits": 2,
      "sample_size": null,
      "classify_original": false
    }
  },
  {
    "results": {
      "['Z']_kernel_2d": [
        0.897196261682243,
        0.851063829787234
      ],
      "['Z']_kernel_3d": [
        0.897196261682243,
        0.851063829787234
      ],
      "['Z']_kernel_4d": [
        0.897196261682243,
        0.851063829787234
      ],
      "['Z']_kernel_5d": [
        0.9719626168224299,
        0.9574468085106383
      ],
      "['Z']_kernel_6d": [
        0.9719626168224299,
        0.9361702127659575
      ],
      "['Z']_kernel_7d": [
        0.9439252336448598,
        0.9361702127659575
      ]
    },
    "params": {
      "filename": "mushroom.csv",
      "dim_method": "umap",
      "minmax_val_list": [
        [
          0,
          1
        ],
        [
          0,
          1
        ]
      ],
      "n_dimensions": [
        2,
        7
      ],
      "save_dim_info": true,
      "tsne_arguments": {
        "n_iter": 500,
        "perplexity": 30,
        "learning_rate": "auto"
      },
      "visualise_tsne_umap": false,
      "umap_arguments": {
        "n_neighbors": 5,
        "min_dist": 0.1,
        "metric": "euclidean"
      },
      "post_pca_scale": true,
      "scalers": [
        "standard",
        "minmax"
      ],
      "feature_map_str": [
        "Z"
      ],
      "fm_arguments": {
        "reps": 2,
        "entanglement": "linear"
      },
      "save_circuit": false,
      "sampler_options": {
        "optimization_level": 3,
        "resilience_level": 0,
        "execution": {
          "shots": 1024,
          "seed": 27
        },
        "simulator": {
          "precision": "single"
        }
      },
      "fidelity_options": {
        "shots": 1024,
        "seed": 27
      },
      "simulator": true,
      "qiskit_api_token": null,
      "qiskit_channel": "ibm_quantum",
      "backend_override": null,
      "min_qubits": 2,
      "sample_size": null,
      "classify_original": false
    }
  },
  {
    "results": {
      "X_rbf_2d": [
        0.897196261682243,
        0.8723404255319149
      ],
      "X_rbf_3d": [
        0.897196261682243,
        0.8723404255319149
      ],
      "X_rbf_4d": [
        0.897196261682243,
        0.8723404255319149
      ],
      "X_rbf_5d": [
        0.897196261682243,
        0.8723404255319149
      ],
      "X_rbf_6d": [
        0.897196261682243,
        0.8723404255319149
      ],
      "X_rbf_7d": [
        0.897196261682243,
        0.8723404255319149
      ]
    },
    "params": {
      "filename": "mushroom.csv",
      "dim_method": "umap",
      "classical_kernel": "rbf",
      "minmax_val_list": [
        [
          0,
          1
        ],
        [
          0,
          1
        ]
      ],
      "n_dimensions": [
        2,
        7
      ],
      "tsne_arguments": {
        "n_iter": 500,
        "perplexity": 30,
        "learning_rate": "auto"
      },
      "visualise_tsne_umap": false,
      "umap_arguments": {
        "n_neighbors": 10,
        "min_dist": 0.1,
        "metric": "euclidean"
      },
      "post_pca_scale": true,
      "scalers": [
        "standard",
        "minmax"
      ]
    }
  },
  {
    "results": {
      "X_rbf_2d": [
        0.8317757009345794,
        0.8085106382978723
      ],
      "X_rbf_3d": [
        0.9252336448598131,
        0.8723404255319149
      ],
      "X_rbf_4d": [
        0.9719626168224299,
        0.9574468085106383
      ],
      "X_rbf_5d": [
        0.9813084112149533,
        0.9574468085106383
      ],
      "X_rbf_6d": [
        0.9719626168224299,
        0.9574468085106383
      ],
      "X_rbf_7d": [
        0.9906542056074766,
        0.9148936170212766
      ]
    },
    "params": {
      "filename": "mushroom.csv",
      "dim_method": "pca",
      "classical_kernel": "rbf",
      "minmax_val_list": [
        [
          0,
          1
        ],
        [
          0,
          1
        ]
      ],
      "n_dimensions": [
        2,
        7
      ],
      "tsne_arguments": {
        "n_iter": 500,
        "perplexity": 30,
        "learning_rate": "auto"
      },
      "visualise_tsne_umap": false,
      "umap_arguments": {
        "n_neighbors": 3,
        "min_dist": 0.1,
        "metric": "euclidean"
      },
      "post_pca_scale": true,
      "scalers": [
        "standard",
        "minmax"
      ]
    }
  },
  {
    "results": {
      "['Y', 'YY']_kernel_2d": [
        0.897196261682243,
        0.8297872340425532
      ],
      "['Y', 'YY']_kernel_3d": [
        0.8411214953271028,
        0.851063829787234
      ],
      "['Y', 'YY']_kernel_4d": [
        0.9252336448598131,
        0.9148936170212766
      ],
      "['Y', 'YY']_kernel_5d": [
        0.9158878504672897,
        0.8936170212765957
      ],
      "['Y', 'YY']_kernel_6d": [
        0.9719626168224299,
        0.9574468085106383
      ],
      "['Y', 'YY']_kernel_7d": [
        0.9719626168224299,
        0.9574468085106383
      ]
    },
    "params": {
      "filename": "mushroom.csv",
      "dim_method": "umap",
      "minmax_val_list": [
        [
          0,
          1
        ],
        [
          0,
          1
        ]
      ],
      "n_dimensions": [
        2,
        7
      ],
      "save_dim_info": true,
      "tsne_arguments": {
        "n_iter": 500,
        "perplexity": 30,
        "learning_rate": "auto"
      },
      "visualise_tsne_umap": false,
      "umap_arguments": {
        "n_neighbors": 5,
        "min_dist": 0.1,
        "metric": "euclidean"
      },
      "post_pca_scale": true,
      "scalers": [
        "standard",
        "minmax"
      ],
      "feature_map_str": [
        "Y",
        "YY"
      ],
      "fm_arguments": {
        "reps": 2,
        "entanglement": "linear"
      },
      "save_circuit": false,
      "sampler_options": {
        "optimization_level": 3,
        "resilience_level": 0,
        "execution": {
          "shots": 1024,
          "seed": 27
        },
        "simulator": {
          "precision": "single"
        }
      },
      "fidelity_options": {
        "shots": 1024,
        "seed": 27
      },
      "simulator": true,
      "qiskit_api_token": null,
      "qiskit_channel": "ibm_quantum",
      "backend_override": null,
      "min_qubits": 2,
      "sample_size": null,
      "classify_original": false
    }
  },
  {
    "results": {
      "['Z']_kernel_2d": [
        0.8037383177570093,
        0.7659574468085106
      ],
      "['Z']_kernel_3d": [
        0.8037383177570093,
        0.7659574468085106
      ],
      "['Z']_kernel_4d": [
        0.9158878504672897,
        0.9148936170212766
      ],
      "['Z']_kernel_5d": [
        0.8037383177570093,
        0.7659574468085106
      ],
      "['Z']_kernel_6d": [
        0.8878504672897196,
        0.851063829787234
      ],
      "['Z']_kernel_7d": [
        0.8878504672897196,
        0.851063829787234
      ]
    },
    "params": {
      "filename": "mushroom.csv",
      "dim_method": "umap",
      "minmax_val_list": [
        [
          0,
          1
        ],
        [
          0,
          1
        ]
      ],
      "n_dimensions": [
        2,
        7
      ],
      "save_dim_info": true,
      "tsne_arguments": {
        "n_iter": 500,
        "perplexity": 30,
        "learning_rate": "auto"
      },
      "visualise_tsne_umap": false,
      "umap_arguments": {
        "n_neighbors": 35,
        "min_dist": 0.1,
        "metric": "euclidean"
      },
      "post_pca_scale": true,
      "scalers": [
        "standard",
        "minmax"
      ],
      "feature_map_str": [
        "Z"
      ],
      "fm_arguments": {
        "reps": 2,
        "entanglement": "linear"
      },
      "save_circuit": false,
      "sampler_options": {
        "optimization_level": 3,
        "resilience_level": 0,
        "execution": {
          "shots": 1024,
          "seed": 27
        },
        "simulator": {
          "precision": "single"
        }
      },
      "fidelity_options": {
        "shots": 1024,
        "seed": 27
      },
      "simulator": true,
      "qiskit_api_token": null,
      "qiskit_channel": "ibm_quantum",
      "backend_override": null,
      "min_qubits": 2,
      "sample_size": null,
      "classify_original": false
    }
  },
  {
    "results": {
      "X_rbf_2d": [
        0.8878504672897196,
        0.8936170212765957
      ],
      "X_rbf_3d": [
        0.9532710280373832,
        0.7872340425531915
      ],
      "X_rbf_4d": [
        0.9158878504672897,
        0.8085106382978723
      ],
      "X_rbf_5d": [
        0.9439252336448598,
        0.8936170212765957
      ],
      "X_rbf_6d": [
        0.9252336448598131,
        0.9148936170212766
      ],
      "X_rbf_7d": [
        0.8878504672897196,
        0.851063829787234
      ]
    },
    "params": {
      "filename": "mushroom.csv",
      "dim_method": "umap",
      "classical_kernel": "rbf",
      "minmax_val_list": [
        [
          0,
          1
        ],
        [
          0,
          1
        ]
      ],
      "n_dimensions": [
        2,
        7
      ],
      "tsne_arguments": {
        "n_iter": 500,
        "perplexity": 30,
        "learning_rate": "auto"
      },
      "visualise_tsne_umap": false,
      "umap_arguments": {
        "n_neighbors": 45,
        "min_dist": 0.1,
        "metric": "euclidean"
      },
      "post_pca_scale": true,
      "scalers": [
        "standard",
        "minmax"
      ]
    }
  },
  {
    "results": {
      "['Y', 'YY']_kernel_2d": [
        0.5607476635514018,
        0.48936170212765956
      ],
      "['Y', 'YY']_kernel_3d": [
        0.8598130841121495,
        0.7446808510638298
      ],
      "['Y', 'YY']_kernel_4d": [
        0.9158878504672897,
        0.9148936170212766
      ],
      "['Y', 'YY']_kernel_5d": [
        0.9439252336448598,
        0.8723404255319149
      ],
      "['Y', 'YY']_kernel_6d": [
        0.9813084112149533,
        0.8723404255319149
      ],
      "['Y', 'YY']_kernel_7d": [
        1.0,
        0.851063829787234
      ]
    },
    "params": {
      "filename": "mushroom.csv",
      "dim_method": "pca",
      "minmax_val_list": [
        [
          0,
          1
        ],
        [
          0,
          1
        ]
      ],
      "n_dimensions": [
        2,
        7
      ],
      "save_dim_info": true,
      "tsne_arguments": {
        "n_iter": 500,
        "perplexity": 30,
        "learning_rate": "auto"
      },
      "visualise_tsne_umap": false,
      "umap_arguments": {
        "n_neighbors": 3,
        "min_dist": 0.1,
        "metric": "euclidean"
      },
      "post_pca_scale": true,
      "scalers": [
        "standard",
        "minmax"
      ],
      "feature_map_str": [
        "Y",
        "YY"
      ],
      "fm_arguments": {
        "reps": 2,
        "entanglement": "linear"
      },
      "save_circuit": false,
      "sampler_options": {
        "optimization_level": 3,
        "resilience_level": 0,
        "execution": {
          "shots": 1024,
          "seed": 27
        },
        "simulator": {
          "precision": "single"
        }
      },
      "fidelity_options": {
        "shots": 1024,
        "seed": 27
      },
      "simulator": true,
      "qiskit_api_token": null,
      "qiskit_channel": "ibm_quantum",
      "backend_override": null,
      "min_qubits": 2,
      "sample_size": null,
      "classify_original": false
    }
  },
  {
    "results": {
      "X_rbf_2d": [
        0.897196261682243,
        0.851063829787234
      ],
      "X_rbf_3d": [
        0.897196261682243,
        0.851063829787234
      ],
      "X_rbf_4d": [
        0.897196261682243,
        0.851063829787234
      ],
      "X_rbf_5d": [
        0.9719626168224299,
        0.9574468085106383
      ],
      "X_rbf_6d": [
        0.9345794392523364,
        0.9361702127659575
      ],
      "X_rbf_7d": [
        0.9345794392523364,
        0.9361702127659575
      ]
    },
    "params": {
      "filename": "mushroom.csv",
      "dim_method": "umap",
      "classical_kernel": "rbf",
      "minmax_val_list": [
        [
          0,
          1
        ],
        [
          0,
          1
        ]
      ],
      "n_dimensions": [
        2,
        7
      ],
      "tsne_arguments": {
        "n_iter": 500,
        "perplexity": 30,
        "learning_rate": "auto"
      },
      "visualise_tsne_umap": false,
      "umap_arguments": {
        "n_neighbors": 5,
        "min_dist": 0.1,
        "metric": "euclidean"
      },
      "post_pca_scale": true,
      "scalers": [
        "standard",
        "minmax"
      ]
    }
  },
  {
    "results": {
      "['Z', 'ZZ']_kernel_2d": [
        0.897196261682243,
        0.8723404255319149
      ],
      "['Z', 'ZZ']_kernel_3d": [
        0.897196261682243,
        0.851063829787234
      ],
      "['Z', 'ZZ']_kernel_4d": [
        0.9439252336448598,
        0.9361702127659575
      ],
      "['Z', 'ZZ']_kernel_5d": [
        0.9719626168224299,
        0.9574468085106383
      ],
      "['Z', 'ZZ']_kernel_6d": [
        0.9719626168224299,
        0.9574468085106383
      ],
      "['Z', 'ZZ']_kernel_7d": [
        0.9719626168224299,
        0.9361702127659575
      ]
    },
    "params": {
      "filename": "mushroom.csv",
      "dim_method": "umap",
      "minmax_val_list": [
        [
          0,
          1
        ],
        [
          0,
          1
        ]
      ],
      "n_dimensions": [
        2,
        7
      ],
      "save_dim_info": true,
      "tsne_arguments": {
        "n_iter": 500,
        "perplexity": 30,
        "learning_rate": "auto"
      },
      "visualise_tsne_umap": false,
      "umap_arguments": {
        "n_neighbors": 10,
        "min_dist": 0.1,
        "metric": "euclidean"
      },
      "post_pca_scale": true,
      "scalers": [
        "standard",
        "minmax"
      ],
      "feature_map_str": [
        "Z",
        "ZZ"
      ],
      "fm_arguments": {
        "reps": 2,
        "entanglement": "linear"
      },
      "save_circuit": false,
      "sampler_options": {
        "optimization_level": 3,
        "resilience_level": 0,
        "execution": {
          "shots": 1024,
          "seed": 27
        },
        "simulator": {
          "precision": "single"
        }
      },
      "fidelity_options": {
        "shots": 1024,
        "seed": 27
      },
      "simulator": true,
      "qiskit_api_token": null,
      "qiskit_channel": "ibm_quantum",
      "backend_override": null,
      "min_qubits": 2,
      "sample_size": null,
      "classify_original": false
    }
  },
  {
    "results": {
      "['Y', 'YY']_kernel_2d": [
        0.6915887850467289,
        0.46808510638297873
      ],
      "['Y', 'YY']_kernel_3d": [
        0.7570093457943925,
        0.6808510638297872
      ],
      "['Y', 'YY']_kernel_4d": [
        0.822429906542056,
        0.7446808510638298
      ],
      "['Y', 'YY']_kernel_5d": [
        0.9345794392523364,
        0.7872340425531915
      ],
      "['Y', 'YY']_kernel_6d": [
        0.9719626168224299,
        0.8936170212765957
      ],
      "['Y', 'YY']_kernel_7d": [
        0.9813084112149533,
        0.8085106382978723
      ]
    },
    "params": {
      "filename": "mushroom.csv",
      "dim_method": "umap",
      "minmax_val_list": [
        [
          0,
          1
        ],
        [
          0,
          1
        ]
      ],
      "n_dimensions": [
        2,
        7
      ],
      "save_dim_info": true,
      "tsne_arguments": {
        "n_iter": 500,
        "perplexity": 30,
        "learning_rate": "auto"
      },
      "visualise_tsne_umap": false,
      "umap_arguments": {
        "n_neighbors": 25,
        "min_dist": 0.1,
        "metric": "euclidean"
      },
      "post_pca_scale": true,
      "scalers": [
        "standard",
        "minmax"
      ],
      "feature_map_str": [
        "Y",
        "YY"
      ],
      "fm_arguments": {
        "reps": 2,
        "entanglement": "linear"
      },
      "save_circuit": false,
      "sampler_options": {
        "optimization_level": 3,
        "resilience_level": 0,
        "execution": {
          "shots": 1024,
          "seed": 27
        },
        "simulator": {
          "precision": "single"
        }
      },
      "fidelity_options": {
        "shots": 1024,
        "seed": 27
      },
      "simulator": true,
      "qiskit_api_token": null,
      "qiskit_channel": "ibm_quantum",
      "backend_override": null,
      "min_qubits": 2,
      "sample_size": null,
      "classify_original": false
    }
  },
  {
    "results": {
      "['Z', 'ZZ']_kernel_2d": [
        0.8878504672897196,
        0.8085106382978723
      ],
      "['Z', 'ZZ']_kernel_3d": [
        0.897196261682243,
        0.8085106382978723
      ],
      "['Z', 'ZZ']_kernel_4d": [
        0.9252336448598131,
        0.9361702127659575
      ],
      "['Z', 'ZZ']_kernel_5d": [
        0.9813084112149533,
        0.8297872340425532
      ],
      "['Z', 'ZZ']_kernel_6d": [
        0.9719626168224299,
        0.9361702127659575
      ],
      "['Z', 'ZZ']_kernel_7d": [
        0.9813084112149533,
        0.9148936170212766
      ]
    },
    "params": {
      "filename": "mushroom.csv",
      "dim_method": "umap",
      "minmax_val_list": [
        [
          0,
          1
        ],
        [
          0,
          1
        ]
      ],
      "n_dimensions": [
        2,
        7
      ],
      "save_dim_info": true,
      "tsne_arguments": {
        "n_iter": 500,
        "perplexity": 30,
        "learning_rate": "auto"
      },
      "visualise_tsne_umap": false,
      "umap_arguments": {
        "n_neighbors": 35,
        "min_dist": 0.1,
        "metric": "euclidean"
      },
      "post_pca_scale": true,
      "scalers": [
        "standard",
        "minmax"
      ],
      "feature_map_str": [
        "Z",
        "ZZ"
      ],
      "fm_arguments": {
        "reps": 2,
        "entanglement": "linear"
      },
      "save_circuit": false,
      "sampler_options": {
        "optimization_level": 3,
        "resilience_level": 0,
        "execution": {
          "shots": 1024,
          "seed": 27
        },
        "simulator": {
          "precision": "single"
        }
      },
      "fidelity_options": {
        "shots": 1024,
        "seed": 27
      },
      "simulator": true,
      "qiskit_api_token": null,
      "qiskit_channel": "ibm_quantum",
      "backend_override": null,
      "min_qubits": 2,
      "sample_size": null,
      "classify_original": false
    }
  },
  {
    "results": {
      "['Z']_kernel_2d": [
        0.8037383177570093,
        0.7659574468085106
      ],
      "['Z']_kernel_3d": [
        0.8037383177570093,
        0.7659574468085106
      ],
      "['Z']_kernel_4d": [
        0.9065420560747663,
        0.8297872340425532
      ],
      "['Z']_kernel_5d": [
        0.9158878504672897,
        0.8936170212765957
      ],
      "['Z']_kernel_6d": [
        0.9252336448598131,
        0.8936170212765957
      ],
      "['Z']_kernel_7d": [
        0.8878504672897196,
        0.851063829787234
      ]
    },
    "params": {
      "filename": "mushroom.csv",
      "dim_method": "umap",
      "minmax_val_list": [
        [
          0,
          1
        ],
        [
          0,
          1
        ]
      ],
      "n_dimensions": [
        2,
        7
      ],
      "save_dim_info": true,
      "tsne_arguments": {
        "n_iter": 500,
        "perplexity": 30,
        "learning_rate": "auto"
      },
      "visualise_tsne_umap": false,
      "umap_arguments": {
        "n_neighbors": 45,
        "min_dist": 0.1,
        "metric": "euclidean"
      },
      "post_pca_scale": true,
      "scalers": [
        "standard",
        "minmax"
      ],
      "feature_map_str": [
        "Z"
      ],
      "fm_arguments": {
        "reps": 2,
        "entanglement": "linear"
      },
      "save_circuit": false,
      "sampler_options": {
        "optimization_level": 3,
        "resilience_level": 0,
        "execution": {
          "shots": 1024,
          "seed": 27
        },
        "simulator": {
          "precision": "single"
        }
      },
      "fidelity_options": {
        "shots": 1024,
        "seed": 27
      },
      "simulator": true,
      "qiskit_api_token": null,
      "qiskit_channel": "ibm_quantum",
      "backend_override": null,
      "min_qubits": 2,
      "sample_size": null,
      "classify_original": false
    }
  },
  {
    "results": {
      "['Y', 'YY']_kernel_2d": [
        0.616822429906542,
        0.5106382978723404
      ],
      "['Y', 'YY']_kernel_3d": [
        0.8691588785046729,
        0.8297872340425532
      ],
      "['Y', 'YY']_kernel_4d": [
        0.9158878504672897,
        0.9361702127659575
      ],
      "['Y', 'YY']_kernel_5d": [
        0.9345794392523364,
        0.9361702127659575
      ],
      "['Y', 'YY']_kernel_6d": [
        0.9719626168224299,
        0.9574468085106383
      ],
      "['Y', 'YY']_kernel_7d": [
        0.9719626168224299,
        0.9574468085106383
      ]
    },
    "params": {
      "filename": "mushroom.csv",
      "dim_method": "umap",
      "minmax_val_list": [
        [
          0,
          1
        ],
        [
          0,
          1
        ]
      ],
      "n_dimensions": [
        2,
        7
      ],
      "save_dim_info": true,
      "tsne_arguments": {
        "n_iter": 500,
        "perplexity": 30,
        "learning_rate": "auto"
      },
      "visualise_tsne_umap": false,
      "umap_arguments": {
        "n_neighbors": 3,
        "min_dist": 0.1,
        "metric": "euclidean"
      },
      "post_pca_scale": true,
      "scalers": [
        "standard",
        "minmax"
      ],
      "feature_map_str": [
        "Y",
        "YY"
      ],
      "fm_arguments": {
        "reps": 2,
        "entanglement": "linear"
      },
      "save_circuit": false,
      "sampler_options": {
        "optimization_level": 3,
        "resilience_level": 0,
        "execution": {
          "shots": 1024,
          "seed": 27
        },
        "simulator": {
          "precision": "single"
        }
      },
      "fidelity_options": {
        "shots": 1024,
        "seed": 27
      },
      "simulator": true,
      "qiskit_api_token": null,
      "qiskit_channel": "ibm_quantum",
      "backend_override": null,
      "min_qubits": 2,
      "sample_size": null,
      "classify_original": false
    }
  },
  {
    "results": {
      "['Z', 'ZZ']_kernel_2d": [
        0.8878504672897196,
        0.8723404255319149
      ],
      "['Z', 'ZZ']_kernel_3d": [
        0.9345794392523364,
        0.9361702127659575
      ],
      "['Z', 'ZZ']_kernel_4d": [
        0.9719626168224299,
        0.9574468085106383
      ],
      "['Z', 'ZZ']_kernel_5d": [
        0.9719626168224299,
        0.9574468085106383
      ],
      "['Z', 'ZZ']_kernel_6d": [
        0.9719626168224299,
        0.9574468085106383
      ],
      "['Z', 'ZZ']_kernel_7d": [
        0.9719626168224299,
        0.9574468085106383
      ]
    },
    "params": {
      "filename": "mushroom.csv",
      "dim_method": "umap",
      "minmax_val_list": [
        [
          0,
          1
        ],
        [
          0,
          1
        ]
      ],
      "n_dimensions": [
        2,
        7
      ],
      "save_dim_info": true,
      "tsne_arguments": {
        "n_iter": 500,
        "perplexity": 30,
        "learning_rate": "auto"
      },
      "visualise_tsne_umap": false,
      "umap_arguments": {
        "n_neighbors": 5,
        "min_dist": 0.1,
        "metric": "euclidean"
      },
      "post_pca_scale": true,
      "scalers": [
        "standard",
        "minmax"
      ],
      "feature_map_str": [
        "Z",
        "ZZ"
      ],
      "fm_arguments": {
        "reps": 2,
        "entanglement": "linear"
      },
      "save_circuit": false,
      "sampler_options": {
        "optimization_level": 3,
        "resilience_level": 0,
        "execution": {
          "shots": 1024,
          "seed": 27
        },
        "simulator": {
          "precision": "single"
        }
      },
      "fidelity_options": {
        "shots": 1024,
        "seed": 27
      },
      "simulator": true,
      "qiskit_api_token": null,
      "qiskit_channel": "ibm_quantum",
      "backend_override": null,
      "min_qubits": 2,
      "sample_size": null,
      "classify_original": false
    }
  }
]