{
    "results": {
        "X_rbf_2d": [
            0.9586523736600306,
            0.9430604982206405
        ],
        "X_rbf_3d": [
            0.9494640122511485,
            0.9395017793594306
        ],
        "X_rbf_4d": [
            0.9494640122511485,
            0.9395017793594306
        ],
        "X_rbf_5d": [
            0.9586523736600306,
            0.9501779359430605
        ]
    },
    "params": {
        "filename": "mushroom_934.csv",
        "dim_method": "umap",
        "classical_kernel": "rbf",
        "minmax_val_list": [
            [
                0,
                1
            ],
            [
                0,
                1
            ]
        ],
        "n_dimensions": [
            2,
            5
        ],
        "tsne_arguments": {
            "n_iter": 500,
            "perplexity": 30,
            "learning_rate": "auto"
        },
        "visualise_tsne_umap": false,
        "umap_arguments": {
            "n_neighbors": 45,
            "min_dist": 0.1,
            "metric": "euclidean"
        },
        "post_pca_scale": true,
        "scalers": [
            "standard",
            "minmax"
        ]
    }
}