{
    "results": {
        "X_rbf_2d": [
            0.8828571428571429,
            0.8933333333333333
        ],
        "X_rbf_3d": [
            0.8914285714285715,
            0.89
        ],
        "X_rbf_4d": [
            0.9057142857142857,
            0.8966666666666666
        ],
        "X_rbf_5d": [
            0.9,
            0.89
        ]
    },
    "params": {
        "filename": "complex.csv",
        "dim_method": "umap",
        "classical_kernel": "rbf",
        "minmax_val_list": [
            [
                0,
                1
            ],
            [
                0,
                1
            ]
        ],
        "n_dimensions": [
            2,
            5
        ],
        "tsne_arguments": {
            "n_iter": 500,
            "perplexity": 30,
            "learning_rate": "auto"
        },
        "visualise_tsne_umap": false,
        "umap_arguments": {
            "n_neighbors": 45,
            "min_dist": 0.1,
            "metric": "euclidean"
        },
        "post_pca_scale": true,
        "scalers": [
            "standard",
            "minmax"
        ]
    }
}