{
    "results": {
        "X_rbf_2d": [
            0.6652482269503546,
            0.6798679867986799
        ],
        "X_rbf_3d": [
            0.6524822695035462,
            0.6468646864686468
        ],
        "X_rbf_4d": [
            0.6524822695035462,
            0.6435643564356436
        ],
        "X_rbf_5d": [
            0.6453900709219859,
            0.6831683168316832
        ]
    },
    "params": {
        "filename": "forest_cov_1008.csv",
        "dim_method": "umap",
        "classical_kernel": "rbf",
        "minmax_val_list": [
            [
                0,
                1
            ],
            [
                0,
                1
            ]
        ],
        "n_dimensions": [
            2,
            5
        ],
        "tsne_arguments": {
            "n_iter": 500,
            "perplexity": 30,
            "learning_rate": "auto"
        },
        "visualise_tsne_umap": false,
        "umap_arguments": {
            "n_neighbors": 45,
            "min_dist": 0.1,
            "metric": "euclidean"
        },
        "post_pca_scale": true,
        "scalers": [
            "standard",
            "minmax"
        ]
    }
}