{
    "results": {
        "X_rbf_2d": [
            0.8071428571428572,
            0.7766666666666666
        ],
        "X_rbf_3d": [
            0.8328571428571429,
            0.8366666666666667
        ],
        "X_rbf_4d": [
            0.8657142857142858,
            0.8466666666666667
        ],
        "X_rbf_5d": [
            0.8785714285714286,
            0.86
        ]
    },
    "params": {
        "filename": "complex.csv",
        "dim_method": "umap",
        "classical_kernel": "rbf",
        "minmax_val_list": [
            [
                0,
                1
            ],
            [
                0,
                1
            ]
        ],
        "n_dimensions": [
            2,
            5
        ],
        "tsne_arguments": {
            "n_iter": 500,
            "perplexity": 30,
            "learning_rate": "auto"
        },
        "visualise_tsne_umap": false,
        "umap_arguments": {
            "n_neighbors": 3,
            "min_dist": 0.1,
            "metric": "euclidean"
        },
        "post_pca_scale": true,
        "scalers": [
            "standard",
            "minmax"
        ]
    }
}