{
    "results": {
        "['ZZ']_kernel_2d": [
            0.7653061224489796,
            0.6190476190476191
        ],
        "['ZZ']_kernel_3d": [
            0.7959183673469388,
            0.6428571428571429
        ],
        "['ZZ']_kernel_4d": [
            0.9081632653061225,
            0.7857142857142857
        ],
        "['ZZ']_kernel_5d": [
            0.8979591836734694,
            0.7857142857142857
        ],
        "['ZZ']_kernel_6d": [
            0.8469387755102041,
            0.7619047619047619
        ],
        "['ZZ']_kernel_7d": [
            0.9183673469387755,
            0.7619047619047619
        ]
    },
    "params": {
        "filename": "car.csv",
        "dim_method": "umap",
        "minmax_val_list": [
            [
                0,
                1
            ],
            [
                0,
                1
            ]
        ],
        "n_dimensions": [
            2,
            7
        ],
        "save_dim_info": true,
        "tsne_arguments": {
            "n_iter": 500,
            "perplexity": 30,
            "learning_rate": "auto"
        },
        "visualise_tsne_umap": false,
        "umap_arguments": {
            "n_neighbors": 5,
            "min_dist": 0.1,
            "metric": "euclidean"
        },
        "post_pca_scale": true,
        "scalers": [
            "standard",
            "minmax"
        ],
        "feature_map_str": [
            "ZZ"
        ],
        "fm_arguments": {
            "reps": 2,
            "entanglement": "linear"
        },
        "save_circuit": false,
        "sampler_options": {
            "optimization_level": 3,
            "resilience_level": 0,
            "execution": {
                "shots": 1024,
                "seed": 27
            },
            "simulator": {
                "precision": "single"
            }
        },
        "fidelity_options": {
            "shots": 1024,
            "seed": 27
        },
        "simulator": true,
        "qiskit_api_token": null,
        "qiskit_channel": "ibm_quantum",
        "backend_override": null,
        "min_qubits": 2,
        "sample_size": null,
        "classify_original": false
    }
}