{
    "results": {
        "['Y', 'YY']_kernel_2d": [
            0.5612244897959183,
            0.5476190476190477
        ],
        "['Y', 'YY']_kernel_3d": [
            0.5816326530612245,
            0.5476190476190477
        ],
        "['Y', 'YY']_kernel_4d": [
            0.7551020408163265,
            0.4523809523809524
        ],
        "['Y', 'YY']_kernel_5d": [
            0.8571428571428571,
            0.5952380952380952
        ],
        "['Y', 'YY']_kernel_6d": [
            0.9183673469387755,
            0.42857142857142855
        ],
        "['Y', 'YY']_kernel_7d": [
            0.9795918367346939,
            0.6190476190476191
        ]
    },
    "params": {
        "filename": "car.csv",
        "dim_method": "umap",
        "minmax_val_list": [
            [
                0,
                1
            ],
            [
                0,
                1
            ]
        ],
        "n_dimensions": [
            2,
            7
        ],
        "save_dim_info": true,
        "tsne_arguments": {
            "n_iter": 500,
            "perplexity": 30,
            "learning_rate": "auto"
        },
        "visualise_tsne_umap": false,
        "umap_arguments": {
            "n_neighbors": 35,
            "min_dist": 0.1,
            "metric": "euclidean"
        },
        "post_pca_scale": true,
        "scalers": [
            "standard",
            "minmax"
        ],
        "feature_map_str": [
            "Y",
            "YY"
        ],
        "fm_arguments": {
            "reps": 2,
            "entanglement": "linear"
        },
        "save_circuit": false,
        "sampler_options": {
            "optimization_level": 3,
            "resilience_level": 0,
            "execution": {
                "shots": 1024,
                "seed": 27
            },
            "simulator": {
                "precision": "single"
            }
        },
        "fidelity_options": {
            "shots": 1024,
            "seed": 27
        },
        "simulator": true,
        "qiskit_api_token": null,
        "qiskit_channel": "ibm_quantum",
        "backend_override": null,
        "min_qubits": 2,
        "sample_size": null,
        "classify_original": false
    }
}