{
    "results": {
        "['Z', 'ZZ']_kernel_2d": [
            0.8673469387755102,
            0.5476190476190477
        ],
        "['Z', 'ZZ']_kernel_3d": [
            0.8877551020408163,
            0.7142857142857143
        ],
        "['Z', 'ZZ']_kernel_4d": [
            0.9081632653061225,
            0.5
        ],
        "['Z', 'ZZ']_kernel_5d": [
            0.9591836734693877,
            0.6190476190476191
        ],
        "['Z', 'ZZ']_kernel_6d": [
            0.9693877551020408,
            0.6666666666666666
        ],
        "['Z', 'ZZ']_kernel_7d": [
            0.9897959183673469,
            0.47619047619047616
        ]
    },
    "params": {
        "filename": "car.csv",
        "dim_method": "umap",
        "minmax_val_list": [
            [
                0,
                1
            ],
            [
                0,
                1
            ]
        ],
        "n_dimensions": [
            2,
            7
        ],
        "save_dim_info": true,
        "tsne_arguments": {
            "n_iter": 500,
            "perplexity": 30,
            "learning_rate": "auto"
        },
        "visualise_tsne_umap": false,
        "umap_arguments": {
            "n_neighbors": 25,
            "min_dist": 0.1,
            "metric": "euclidean"
        },
        "post_pca_scale": true,
        "scalers": [
            "standard",
            "minmax"
        ],
        "feature_map_str": [
            "Z",
            "ZZ"
        ],
        "fm_arguments": {
            "reps": 2,
            "entanglement": "linear"
        },
        "save_circuit": false,
        "sampler_options": {
            "optimization_level": 3,
            "resilience_level": 0,
            "execution": {
                "shots": 1024,
                "seed": 27
            },
            "simulator": {
                "precision": "single"
            }
        },
        "fidelity_options": {
            "shots": 1024,
            "seed": 27
        },
        "simulator": true,
        "qiskit_api_token": null,
        "qiskit_channel": "ibm_quantum",
        "backend_override": null,
        "min_qubits": 2,
        "sample_size": null,
        "classify_original": false
    }
}