{
    "results": {
        "['Y', 'YY']_kernel_2d": [
            0.5970149253731343,
            0.5172413793103449
        ],
        "['Y', 'YY']_kernel_3d": [
            0.6865671641791045,
            0.29310344827586204
        ],
        "['Y', 'YY']_kernel_4d": [
            0.746268656716418,
            0.5517241379310345
        ],
        "['Y', 'YY']_kernel_5d": [
            0.835820895522388,
            0.603448275862069
        ],
        "['Y', 'YY']_kernel_6d": [
            0.9776119402985075,
            0.5
        ],
        "['Y', 'YY']_kernel_7d": [
            0.9925373134328358,
            0.4827586206896552
        ]
    },
    "params": {
        "filename": "digits_2.csv",
        "dim_method": "umap",
        "minmax_val_list": [
            [
                0,
                1
            ],
            [
                0,
                1
            ]
        ],
        "n_dimensions": [
            2,
            7
        ],
        "save_dim_info": true,
        "tsne_arguments": {
            "n_iter": 500,
            "perplexity": 30,
            "learning_rate": "auto"
        },
        "visualise_tsne_umap": false,
        "umap_arguments": {
            "n_neighbors": 25,
            "min_dist": 0.1,
            "metric": "euclidean"
        },
        "post_pca_scale": true,
        "scalers": [
            "standard",
            "minmax"
        ],
        "feature_map_str": [
            "Y",
            "YY"
        ],
        "fm_arguments": {
            "reps": 2,
            "entanglement": "linear"
        },
        "save_circuit": false,
        "sampler_options": {
            "optimization_level": 3,
            "resilience_level": 0,
            "execution": {
                "shots": 1024,
                "seed": 27
            },
            "simulator": {
                "precision": "single"
            }
        },
        "fidelity_options": {
            "shots": 1024,
            "seed": 27
        },
        "simulator": true,
        "qiskit_api_token": null,
        "qiskit_channel": "ibm_quantum",
        "backend_override": null,
        "min_qubits": 2,
        "sample_size": null,
        "classify_original": false
    }
}