{
    "results": {
        "['Y', 'YY']_kernel_2d": [
            0.5597014925373134,
            0.4482758620689655
        ],
        "['Y', 'YY']_kernel_3d": [
            0.5746268656716418,
            0.3793103448275862
        ],
        "['Y', 'YY']_kernel_4d": [
            0.7014925373134329,
            0.5344827586206896
        ],
        "['Y', 'YY']_kernel_5d": [
            0.7835820895522388,
            0.5862068965517241
        ],
        "['Y', 'YY']_kernel_6d": [
            0.8731343283582089,
            0.5517241379310345
        ],
        "['Y', 'YY']_kernel_7d": [
            0.9552238805970149,
            0.5862068965517241
        ]
    },
    "params": {
        "filename": "digits_2.csv",
        "dim_method": "pca",
        "minmax_val_list": [
            [
                0,
                1
            ],
            [
                0,
                1
            ]
        ],
        "n_dimensions": [
            2,
            7
        ],
        "save_dim_info": true,
        "tsne_arguments": {
            "n_iter": 500,
            "perplexity": 30,
            "learning_rate": "auto"
        },
        "visualise_tsne_umap": false,
        "umap_arguments": {
            "n_neighbors": 5,
            "min_dist": 0.1,
            "metric": "euclidean"
        },
        "post_pca_scale": true,
        "scalers": [
            "standard",
            "minmax"
        ],
        "feature_map_str": [
            "Y",
            "YY"
        ],
        "fm_arguments": {
            "reps": 2,
            "entanglement": "linear"
        },
        "save_circuit": false,
        "sampler_options": {
            "optimization_level": 3,
            "resilience_level": 0,
            "execution": {
                "shots": 1024,
                "seed": 27
            },
            "simulator": {
                "precision": "single"
            }
        },
        "fidelity_options": {
            "shots": 1024,
            "seed": 27
        },
        "simulator": true,
        "qiskit_api_token": null,
        "qiskit_channel": "ibm_quantum",
        "backend_override": null,
        "min_qubits": 2,
        "sample_size": null,
        "classify_original": false
    }
}