{
    "results": {
        "['ZZ']_kernel_2d": [
            0.582089552238806,
            0.6551724137931034
        ],
        "['ZZ']_kernel_3d": [
            0.8283582089552238,
            0.6896551724137931
        ],
        "['ZZ']_kernel_4d": [
            0.9402985074626866,
            0.46551724137931033
        ],
        "['ZZ']_kernel_5d": [
            0.9104477611940298,
            0.6206896551724138
        ],
        "['ZZ']_kernel_6d": [
            0.9925373134328358,
            0.8103448275862069
        ],
        "['ZZ']_kernel_7d": [
            1.0,
            0.7068965517241379
        ]
    },
    "params": {
        "filename": "digits_2.csv",
        "dim_method": "umap",
        "minmax_val_list": [
            [
                0,
                1
            ],
            [
                0,
                1
            ]
        ],
        "n_dimensions": [
            2,
            7
        ],
        "save_dim_info": true,
        "tsne_arguments": {
            "n_iter": 500,
            "perplexity": 30,
            "learning_rate": "auto"
        },
        "visualise_tsne_umap": false,
        "umap_arguments": {
            "n_neighbors": 25,
            "min_dist": 0.1,
            "metric": "euclidean"
        },
        "post_pca_scale": true,
        "scalers": [
            "standard",
            "minmax"
        ],
        "feature_map_str": [
            "ZZ"
        ],
        "fm_arguments": {
            "reps": 2,
            "entanglement": "linear"
        },
        "save_circuit": false,
        "sampler_options": {
            "optimization_level": 3,
            "resilience_level": 0,
            "execution": {
                "shots": 1024,
                "seed": 27
            },
            "simulator": {
                "precision": "single"
            }
        },
        "fidelity_options": {
            "shots": 1024,
            "seed": 27
        },
        "simulator": true,
        "qiskit_api_token": null,
        "qiskit_channel": "ibm_quantum",
        "backend_override": null,
        "min_qubits": 2,
        "sample_size": null,
        "classify_original": false
    }
}