{
    "results": {
        "['ZZ']_kernel_2d": [
            0.6020408163265306,
            0.35714285714285715
        ],
        "['ZZ']_kernel_3d": [
            0.7653061224489796,
            0.42857142857142855
        ],
        "['ZZ']_kernel_4d": [
            0.7857142857142857,
            0.5
        ],
        "['ZZ']_kernel_5d": [
            0.9387755102040817,
            0.6904761904761905
        ],
        "['ZZ']_kernel_6d": [
            0.9795918367346939,
            0.6666666666666666
        ]
    },
    "params": {
        "filename": "car.csv",
        "dim_method": "pca",
        "minmax_val_list": [
            [
                0,
                1
            ],
            [
                0,
                1
            ]
        ],
        "n_dimensions": [
            2,
            6
        ],
        "save_dim_info": true,
        "tsne_arguments": {
            "n_iter": 500,
            "perplexity": 30,
            "learning_rate": "auto"
        },
        "visualise_tsne_umap": false,
        "umap_arguments": {
            "n_neighbors": 3,
            "min_dist": 0.1,
            "metric": "euclidean"
        },
        "post_pca_scale": true,
        "scalers": [
            "standard",
            "minmax"
        ],
        "feature_map_str": [
            "ZZ"
        ],
        "fm_arguments": {
            "reps": 2,
            "entanglement": "linear"
        },
        "save_circuit": false,
        "sampler_options": {
            "optimization_level": 3,
            "resilience_level": 0,
            "execution": {
                "shots": 1024,
                "seed": 27
            },
            "simulator": {
                "precision": "single"
            }
        },
        "fidelity_options": {
            "shots": 1024,
            "seed": 27
        },
        "simulator": true,
        "qiskit_api_token": null,
        "qiskit_channel": "ibm_quantum",
        "backend_override": null,
        "min_qubits": 2,
        "sample_size": null,
        "classify_original": false
    }
}