{
    "results": {
        "['Z', 'ZZ']_kernel_2d": [
            0.8955223880597015,
            0.9137931034482759
        ],
        "['Z', 'ZZ']_kernel_3d": [
            0.9253731343283582,
            0.896551724137931
        ],
        "['Z', 'ZZ']_kernel_4d": [
            0.9253731343283582,
            0.9137931034482759
        ],
        "['Z', 'ZZ']_kernel_5d": [
            0.9776119402985075,
            0.9482758620689655
        ],
        "['Z', 'ZZ']_kernel_6d": [
            0.9850746268656716,
            0.9310344827586207
        ],
        "['Z', 'ZZ']_kernel_7d": [
            1.0,
            0.9310344827586207
        ]
    },
    "params": {
        "filename": "digits_2.csv",
        "dim_method": "pca",
        "minmax_val_list": [
            [
                0,
                1
            ],
            [
                0,
                1
            ]
        ],
        "n_dimensions": [
            2,
            7
        ],
        "save_dim_info": true,
        "tsne_arguments": {
            "n_iter": 500,
            "perplexity": 30,
            "learning_rate": "auto"
        },
        "visualise_tsne_umap": false,
        "umap_arguments": {
            "n_neighbors": 3,
            "min_dist": 0.1,
            "metric": "euclidean"
        },
        "post_pca_scale": true,
        "scalers": [
            "standard",
            "minmax"
        ],
        "feature_map_str": [
            "Z",
            "ZZ"
        ],
        "fm_arguments": {
            "reps": 2,
            "entanglement": "linear"
        },
        "save_circuit": false,
        "sampler_options": {
            "optimization_level": 3,
            "resilience_level": 0,
            "execution": {
                "shots": 1024,
                "seed": 27
            },
            "simulator": {
                "precision": "single"
            }
        },
        "fidelity_options": {
            "shots": 1024,
            "seed": 27
        },
        "simulator": true,
        "qiskit_api_token": null,
        "qiskit_channel": "ibm_quantum",
        "backend_override": null,
        "min_qubits": 2,
        "sample_size": null,
        "classify_original": false
    }
}