{
    "results": {
        "['ZZ']_kernel_2d": [
            0.5906040268456376,
            0.6461538461538462
        ],
        "['ZZ']_kernel_3d": [
            0.6912751677852349,
            0.5846153846153846
        ],
        "['ZZ']_kernel_4d": [
            0.7114093959731543,
            0.5538461538461539
        ],
        "['ZZ']_kernel_5d": [
            0.7583892617449665,
            0.6307692307692307
        ],
        "['ZZ']_kernel_6d": [
            0.7449664429530202,
            0.6307692307692307
        ],
        "['ZZ']_kernel_7d": [
            0.8053691275167785,
            0.676923076923077
        ]
    },
    "params": {
        "filename": "forest_cov_2.csv",
        "dim_method": "umap",
        "minmax_val_list": [
            [
                0,
                1
            ],
            [
                0,
                1
            ]
        ],
        "n_dimensions": [
            2,
            7
        ],
        "save_dim_info": true,
        "tsne_arguments": {
            "n_iter": 500,
            "perplexity": 30,
            "learning_rate": "auto"
        },
        "visualise_tsne_umap": false,
        "umap_arguments": {
            "n_neighbors": 25,
            "min_dist": 0.1,
            "metric": "euclidean"
        },
        "post_pca_scale": true,
        "scalers": [
            "standard",
            "minmax"
        ],
        "feature_map_str": [
            "ZZ"
        ],
        "fm_arguments": {
            "reps": 2,
            "entanglement": "linear"
        },
        "save_circuit": false,
        "sampler_options": {
            "optimization_level": 3,
            "resilience_level": 0,
            "execution": {
                "shots": 1024,
                "seed": 27
            },
            "simulator": {
                "precision": "single"
            }
        },
        "fidelity_options": {
            "shots": 1024,
            "seed": 27
        },
        "simulator": true,
        "qiskit_api_token": null,
        "qiskit_channel": "ibm_quantum",
        "backend_override": null,
        "min_qubits": 2,
        "sample_size": null,
        "classify_original": false
    }
}