{
    "results": {
        "['Y', 'YY']_kernel_2d": [
            0.6308724832214765,
            0.5230769230769231
        ],
        "['Y', 'YY']_kernel_3d": [
            0.6375838926174496,
            0.5692307692307692
        ],
        "['Y', 'YY']_kernel_4d": [
            0.7248322147651006,
            0.6307692307692307
        ],
        "['Y', 'YY']_kernel_5d": [
            0.7248322147651006,
            0.6307692307692307
        ],
        "['Y', 'YY']_kernel_6d": [
            0.7449664429530202,
            0.6615384615384615
        ],
        "['Y', 'YY']_kernel_7d": [
            0.7785234899328859,
            0.6307692307692307
        ]
    },
    "params": {
        "filename": "forest_cov_2.csv",
        "dim_method": "umap",
        "minmax_val_list": [
            [
                0,
                1
            ],
            [
                0,
                1
            ]
        ],
        "n_dimensions": [
            2,
            7
        ],
        "save_dim_info": true,
        "tsne_arguments": {
            "n_iter": 500,
            "perplexity": 30,
            "learning_rate": "auto"
        },
        "visualise_tsne_umap": false,
        "umap_arguments": {
            "n_neighbors": 10,
            "min_dist": 0.1,
            "metric": "euclidean"
        },
        "post_pca_scale": true,
        "scalers": [
            "standard",
            "minmax"
        ],
        "feature_map_str": [
            "Y",
            "YY"
        ],
        "fm_arguments": {
            "reps": 2,
            "entanglement": "linear"
        },
        "save_circuit": false,
        "sampler_options": {
            "optimization_level": 3,
            "resilience_level": 0,
            "execution": {
                "shots": 1024,
                "seed": 27
            },
            "simulator": {
                "precision": "single"
            }
        },
        "fidelity_options": {
            "shots": 1024,
            "seed": 27
        },
        "simulator": true,
        "qiskit_api_token": null,
        "qiskit_channel": "ibm_quantum",
        "backend_override": null,
        "min_qubits": 2,
        "sample_size": null,
        "classify_original": false
    }
}