{
    "results": {
        "['Y', 'YY']_kernel_2d": [
            0.6915887850467289,
            0.44680851063829785
        ],
        "['Y', 'YY']_kernel_3d": [
            0.719626168224299,
            0.5531914893617021
        ],
        "['Y', 'YY']_kernel_4d": [
            0.9252336448598131,
            0.6595744680851063
        ],
        "['Y', 'YY']_kernel_5d": [
            0.8317757009345794,
            0.574468085106383
        ],
        "['Y', 'YY']_kernel_6d": [
            0.9719626168224299,
            0.6808510638297872
        ],
        "['Y', 'YY']_kernel_7d": [
            0.9906542056074766,
            0.7446808510638298
        ]
    },
    "params": {
        "filename": "mushroom.csv",
        "dim_method": "umap",
        "minmax_val_list": [
            [
                0,
                1
            ],
            [
                0,
                1
            ]
        ],
        "n_dimensions": [
            2,
            7
        ],
        "save_dim_info": true,
        "tsne_arguments": {
            "n_iter": 500,
            "perplexity": 30,
            "learning_rate": "auto"
        },
        "visualise_tsne_umap": false,
        "umap_arguments": {
            "n_neighbors": 45,
            "min_dist": 0.1,
            "metric": "euclidean"
        },
        "post_pca_scale": true,
        "scalers": [
            "standard",
            "minmax"
        ],
        "feature_map_str": [
            "Y",
            "YY"
        ],
        "fm_arguments": {
            "reps": 2,
            "entanglement": "linear"
        },
        "save_circuit": false,
        "sampler_options": {
            "optimization_level": 3,
            "resilience_level": 0,
            "execution": {
                "shots": 1024,
                "seed": 27
            },
            "simulator": {
                "precision": "single"
            }
        },
        "fidelity_options": {
            "shots": 1024,
            "seed": 27
        },
        "simulator": true,
        "qiskit_api_token": null,
        "qiskit_channel": "ibm_quantum",
        "backend_override": null,
        "min_qubits": 2,
        "sample_size": null,
        "classify_original": false
    }
}